Workbook
Name ACCEPTANCE: #REF!
Name ARTIFACT: #REF!
Name DTYPE: #REF!
Name PHASE: #REF!
Name PHASE_OF_ORIGIN: #REF!
Name REVIEW_OBJECTS: #REF!
Name REVIEW_TYPE: #REF!
Name SEVERITY: #REF!
Name VENUE: #REF!
Name VENUE: #REF!
Name VENUE: #REF!
Name VENUE: #REF!
Name VENUE: #REF!
Name VENUE: #REF!
Name VENUE: #REF!
Name VENUE: #REF!
Name VENUE: #REF!
Name VENUE: #REF!
Name VENUE: #REF!
Name VENUE: #REF!
Name VENUE: #REF!
Name VENUE: #REF!

Sheet Game Summary
A1: Game Concept | T1: Payouts in credits
A2: Mechanics | D2: Variant | E2: Module ID | T2: Bet multiplier | U2: 10 | V2: Lines | W2: 40
A3: 40 Lines Left - Right | D3: V94 | E3: 102571 | O3: Paytable | T3: Bet (cents) | U3: 2500
A4: Highest pay per line | O4: Pattern | P4: 3Hit | Q4: 4Hit | R4: 5Hit | T4: Pattern | U4: 3Hit | V4: 4Hit | W4: 5Hit
A5: 4x5 Slot Grid | O5: =BaseA!M4 -> H1 | P5: =BaseA!N4 -> 20 | Q5: =BaseA!O4 -> 80 | R5: =BaseA!P4 -> 400 | T5: H1 | U5: =P5*$U$3/$W$2 -> 1250 | V5: =Q5*$U$3/$W$2 -> 5000 | W5: =R5*$U$3/$W$2 -> 25000
A6: $$$ QH wins | O6: H2 | P6: =BaseA!N5 -> 16 | Q6: =BaseA!O5 -> 60 | R6: =BaseA!P5 -> 200 | T6: H2 | U6: =P6*$U$3/$W$2 -> 1000 | V6: =Q6*$U$3/$W$2 -> 3750 | W6: =R6*$U$3/$W$2 -> 12500
A7: 4 Different Lock it Link bonus game | O7: H3 | P7: =BaseA!N6 -> 12 | Q7: =BaseA!O6 -> 40 | R7: =BaseA!P6 -> 120 | T7: H3 | U7: =P7*$U$3/$W$2 -> 750 | V7: =Q7*$U$3/$W$2 -> 2500 | W7: =R7*$U$3/$W$2 -> 7500
A8: Minimum bet 0.10 | O8: H4 | P8: =BaseA!N7 -> 8 | Q8: =BaseA!O7 -> 28 | R8: =BaseA!P7 -> 80 | T8: H4 | U8: =P8*$U$3/$W$2 -> 500 | V8: =Q8*$U$3/$W$2 -> 1750 | W8: =R8*$U$3/$W$2 -> 5000
O9: H5 | P9: =BaseA!N8 -> 8 | Q9: =BaseA!O8 -> 28 | R9: =BaseA!P8 -> 80 | T9: H5 | U9: =P9*$U$3/$W$2 -> 500 | V9: =Q9*$U$3/$W$2 -> 1750 | W9: =R9*$U$3/$W$2 -> 5000
A10: Symbols | O10: L1 | P10: =BaseA!N9 -> 8 | Q10: =BaseA!O9 -> 16 | R10: =BaseA!P9 -> 60 | T10: L1 | U10: =P10*$U$3/$W$2 -> 500 | V10: =Q10*$U$3/$W$2 -> 1000 | W10: =R10*$U$3/$W$2 -> 3750
A11: Character Symbols - H1, H2, H3, H4, H5 | O11: L2 | P11: =BaseA!N10 -> 8 | Q11: =BaseA!O10 -> 16 | R11: =BaseA!P10 -> 60 | T11: L2 | U11: =P11*$U$3/$W$2 -> 500 | V11: =Q11*$U$3/$W$2 -> 1000 | W11: =R11*$U$3/$W$2 -> 3750
A12: Card Symbols - L1, L2, L3, L4 | O12: L3 | P12: =BaseA!N11 -> 4 | Q12: =BaseA!O11 -> 12 | R12: =BaseA!P11 -> 40 | T12: L3 | U12: =P12*$U$3/$W$2 -> 250 | V12: =Q12*$U$3/$W$2 -> 750 | W12: =R12*$U$3/$W$2 -> 2500
A13: rn1 - turns to any symbol except QH and Collect symbols | O13: L4 | P13: =BaseA!N12 -> 4 | Q13: =BaseA!O12 -> 12 | R13: =BaseA!P12 -> 40 | T13: L4 | U13: =P13*$U$3/$W$2 -> 250 | V13: =Q13*$U$3/$W$2 -> 750 | W13: =R13*$U$3/$W$2 -> 2500
A14: Wild - "W" replaces any symbol except QH and Collect symbols | O14: W | P14: =BaseA!N13 -> 40 | Q14: =BaseA!O13 -> 200 | R14: =BaseA!P13 -> 1000 | T14: W | U14: =P14*$U$3/$W$2 -> 2500 | V14: =Q14*$U$3/$W$2 -> 12500 | W14: =R14*$U$3/$W$2 -> 62500 | X14: ← Max symbol payout
A15: QH - each of these symbol turns to a random win value (0.5x, 2x, 3x, 4x, up to 50x). Fills the cup and can trigger Bonus Game
A16: C - appears on BaseB and BaseC on Reel1 and Reel5 and triggers immediate win for any QHs appearing on Reels
O17: RTP Breakdown (Theoretical)
A18: Base Collect Feature | P18: RTP | Q18: Hit Rate | R18: SD | S18: Hit chance | T18: 1 in X spins | U18: Average Win (times bet)
A19: Collect symbol "C" appearing on reel1 and reel5 will award multiplier win on any QHs appearing on the Reels | O19: Base Payline: | P19: =Summary!B16 -> 0.37003551 | Q19: =MathSheet!E3 - Q20 -> 0.19192362 | R19: =MathSheet!E5 -> 3.2267684 | T19: =1/Q19 -> 5.2104061
A20: Each QHs will generate random value from 0.5x to 50x the totalbet | O20: Base Collect: | P20: =Summary!B17 -> 0.33600494 | Q20: =MathSheet!E24 -> 0.045661841 | T20: =1/Q20 -> 21.900125
A21: The QHs have Four different types and can trigger 4 different types of Bonus game | O21: Bonus Game1: | P21: =Summary!G24 -> 0.055556591 | S21: =Summary!D24 -> 0.0019345391 | T21: =1/S21 -> 516.91898 | U21: =Summary!F24 -> 28.718256
B22: Note: | C22: Only 1 Bonus game can be trigger per paid spin with the ff. order of priority Bonus1, Bonus2, Bonus3, Bonus4 | O22: Bonus Game2: | P22: =Summary!G25 -> 0.055773065 | S22: =Summary!D25 -> 0.0017989158 | T22: =1/S22 -> 555.8904 | U22: =Summary!F25 -> 31.003711
O23: Bonus Game3: | P23: =Summary!G26 -> 0.056884678 | S23: =Summary!D26 -> 0.0017352203 | T23: =1/S23 -> 576.2957 | U23: =Summary!F26 -> 32.782395
A24: Jackpot Collect Feature | O24: Bonus Game4: | P24: =Summary!G27 -> 0.057069563 | S24: =Summary!D27 -> 0.0016725909 | T24: =1/S24 -> 597.87482 | U24: =Summary!F27 -> 34.120455
A25: Everytime BaseA is selected there is a chance a subscript is attached on a normal symbol or Wild symbol | O25: Jackpots: | P25: =MathSheet!B6 -> 0.013040893 | S25: =MathSheet!I43 -> 0.00042829406 | T25: =1/S25 -> 2334.8444 | U25: =P25/S25 -> 30.448455
A26: This subscript will add values to any of the Four jackpots | O26: Full Game: | P26: =SUM(P19:P25) -> 0.94436523 | Q26: =MathSheet!E4 -> 0.2426232 | R26: =MathSheet!E6 -> 5.6772444 | S26: =SUM(S19:S24) -> 0.0071412662 | T26: =1/S26 -> 140.03119
A27: During any of the 4 bonus game, a Jackpot Token can be attached on a QH symbol but not on Maximizer nor any of the 4 Bonus Feature symbol
A28: This token will fill one of the four Jackpot Meter | O28: RTP Strategies
A29: Once a meter is fllled, Jackpot will then be awarded and resets back to its starting value after the Bonus session. | O29: Strategy/Variant | P29: RTP | Q29: Hit Rate | R29: Variance | S29: Standard Deviation | T29: Volatility Index at a 95% Level of Confidence | U29: Volatility Category
A30: Each Jackpot type can only be awarded one time per bonus session
B31: Type | C31: Increment Value | D31: Min Jackpot Win | E31: Max Jackpot Win | F31: No. of Tokens Required | O31: RandomBet | P31: =$P$26 -> 0.94436523 | Q31: =$Q$26 -> 0.2426232 | R31: =POWER(S31, 2) -> 32.231104 | S31: =$R$26 -> 5.6772444 | T31: =S31*1.96 -> 11.127399 | U31: Medium | V31: https://gamesglobal.atlassian.net/wiki/spaces/PGM/pages/274680477/Maths+Terms+FAQ#MathsTermsFAQ-WhatisVolatility?
B32: Mini | C32: 0.5 | D32: 10 | E32: 20 | F32: 2 | O32: MaxBet | P32: =$P$26 -> 0.94436523 | Q32: =$Q$26 -> 0.2426232 | R32: =POWER(S32, 2) -> 32.231104 | S32: =$R$26 -> 5.6772444 | T32: =S32*1.96 -> 11.127399 | U32: Medium | V32: A Volatility less than 10 is considered Low, between 10 and 20 is considered Medium and above 20 is considered High.
B33: Minor | C33: 2 | D33: 30 | E33: 50 | F33: 3
B34: Major | C34: 5 | D34: 250 | E34: 500 | F34: 4 | O34: Max Win / Max Odds
B35: Grand | C35: 10 | D35: 5000 | E35: 10000 | F35: 5 | O35: Max Win | P35: =MathSheet!H6 -> 10000 | Q35: x totalbet
O36: Max Win Chance | P36: =MathSheet!H7 -> 6.0134176e-08 | Q36: or 1 in | R36: =1/P36 -> 16629479
B37: Note: | C37: In Base game, if a certain jackpot type reaches its maximum value then the increment will randomly choose other jackpot type | O37: Max Odds | P37: =MathSheet!J7 -> 16629479
O38: Max Exposure | P38: =P70*P35 -> 25000000 | Q38: =P38/100 -> 250000 | R38: credits
A40: Bonus Game1 - w Fireball Feature | O40: Free Game Statistics
A41: Played on two 4x5 slot grid | O41: Probability of Getting a Win w/in X Spins | P41: 5 | Q41: 10 | R41: 20 | S41: 50 | T41: 100
A42: Each Slot Grid are played independently | O42: Any Win: | P42: =1 - (1-MathSheet!$E$4)^P41 -> 0.75079314 | Q42: =1 - (1-MathSheet!$E$4)^Q41 -> 0.93789594 | R42: =1 - (1-MathSheet!$E$4)^R41 -> 0.99614309 | S42: =1 - (1-MathSheet!$E$4)^S41 -> 0.99999908 | T42: =1 - (1-MathSheet!$E$4)^T41 -> 1
A43: Award 3spins that resets on every hit (From QH, Maximizer or Fireball) | O43: Greater Than 5x in Base Game: | P43: =1 - NORMDIST(4.99, P41 * MathSheet!$B$7,MathSheet!$E$6 * P41^0.5, TRUE) -> 0.49157303 | Q43: =1 - NORMDIST(4.99, Q41 * MathSheet!$B$7,MathSheet!$E$6 * Q41^0.5, TRUE) -> 0.59796087 | R43: =1 - NORMDIST(4.99, R41 * MathSheet!$B$7,MathSheet!$E$6 * R41^0.5, TRUE) -> 0.70793642 | S43: =1 - NORMDIST(4.99, S41 * MathSheet!$B$7,MathSheet!$E$6 * S41^0.5, TRUE) -> 0.8535807 | T43: =1 - NORMDIST(4.99, T41 * MathSheet!$B$7,MathSheet!$E$6 * T41^0.5, TRUE) -> 0.94243258
A44: Each of the position spins independently and can award "QH", "Maximizer, "Fireball" or "blank" | O44: Base Collect Win: | P44: =1 - (1-Summary!$B12)^P41 -> 0.20838968 | Q44: =1 - (1-Summary!$B12)^Q41 -> 0.3733531 | R44: =1 - (1-Summary!$B12)^R41 -> 0.60731366 | S44: =1 - (1-Summary!$B12)^S41 -> 0.90336944 | T44: =1 - (1-Summary!$B12)^T41 -> 0.99066254
A45: "QH" and Fireball sticks while Maximizer doesn't and can only appear one time per bonus session | O45: Bonus Game1: | P45: =1 - (1-Summary!$D24)^P$41 -> 0.0096353436 | Q45: =1 - (1-Summary!$D24)^Q$41 -> 0.019177847 | R45: =1 - (1-Summary!$D24)^R$41 -> 0.037987905 | S45: =1 - (1-Summary!$D24)^S$41 -> 0.092281199 | T45: =1 - (1-Summary!$D24)^T$41 -> 0.17604658
A46: Maximizer will increase all the four Jackpot values for only that session | O46: Bonus Game2: | P46: =1 - (1-Summary!$D25)^P$41 -> 0.008962276 | Q46: =1 - (1-Summary!$D25)^Q$41 -> 0.01784423 | R46: =1 - (1-Summary!$D25)^R$41 -> 0.035370043 | S46: =1 - (1-Summary!$D25)^S$41 -> 0.086093297 | T46: =1 - (1-Summary!$D25)^T$41 -> 0.16477454
A47: Jackpot token can only be attached to a QH symbol but can only appear one time per spin | O47: Bonus Game3: | P47: =1 - (1-Summary!$D26)^P$41 -> 0.0086460438 | Q47: =1 - (1-Summary!$D26)^Q$41 -> 0.017217334 | R47: =1 - (1-Summary!$D26)^R$41 -> 0.034138231 | S47: =1 - (1-Summary!$D26)^S$41 -> 0.083172903 | T47: =1 - (1-Summary!$D26)^T$41 -> 0.15942807
A48: Fireball QH sticks and increases value of 4 other QHs. It then transform itself to a normal QH. | O48: Bonus Game4: | P48: =1 - (1-Summary!$D27)^P$41 -> 0.0083350258 | Q48: =1 - (1-Summary!$D27)^Q$41 -> 0.016600579 | R48: =1 - (1-Summary!$D27)^R$41 -> 0.032925579 | S48: =1 - (1-Summary!$D27)^S$41 -> 0.080292472 | T48: =1 - (1-Summary!$D27)^T$41 -> 0.15413806
A49: Fireball can appear up to two times per spin (One per Slot Grid) and can appear multiple times per Bonus session | O49: Mini: | P49: =1 - (1 - 1/Summary!$T15)^P$41 -> 0.0017662777 | Q49: =1 - (1 - 1/Summary!$T15)^Q$41 -> 0.0035294358 | R49: =1 - (1 - 1/Summary!$T15)^R$41 -> 0.0070464146 | S49: =1 - (1 - 1/Summary!$T15)^S$41 -> 0.017523048 | T49: =1 - (1 - 1/Summary!$T15)^T$41 -> 0.03473904
B50: Note: | O50: Midi: | P50: =1 - (1 - 1/Summary!$T16)^P$41 -> 0.00035506827 | Q50: =1 - (1 - 1/Summary!$T16)^Q$41 -> 0.00071001047 | R50: =1 - (1 - 1/Summary!$T16)^R$41 -> 0.0014195168 | S50: =1 - (1 - 1/Summary!$T16)^S$41 -> 0.0035450148 | T50: =1 - (1 - 1/Summary!$T16)^T$41 -> 0.0070774624
B51: Maximizer feature cannot appear at the same time on the same Slot Grid with Fireball Feature | O51: Maxi: | P51: =1 - (1 - 1/Summary!$T17)^P$41 -> 1.8523809e-05 | Q51: =1 - (1 - 1/Summary!$T17)^Q$41 -> 3.7047274e-05 | R51: =1 - (1 - 1/Summary!$T17)^R$41 -> 7.4093176e-05 | S51: =1 - (1 - 1/Summary!$T17)^S$41 -> 0.00018522265 | T51: =1 - (1 - 1/Summary!$T17)^T$41 -> 0.00037041099
B52: Fireball feature cannot be trigger if there is no QH on its Slot Grid | O52: Grand: | P52: =1 - (1 - 1/Summary!$T18)^P$41 -> 3.0067084e-07 | Q52: =1 - (1 - 1/Summary!$T18)^Q$41 -> 6.0134159e-07 | R52: =1 - (1 - 1/Summary!$T18)^R$41 -> 1.2026828e-06 | S52: =1 - (1 - 1/Summary!$T18)^S$41 -> 3.0067044e-06 | T52: =1 - (1 - 1/Summary!$T18)^T$41 -> 6.0133997e-06
A54: Bonus Game2 - w Collect Feature | O54: Bet settings
A55: Similar to Bonus Game1 but Fireball feature is replaced by Collect symbol | P55: General | Q55: Greece
A56: Collect symbol sticks and can appear up to two times per spin (One per Slot Grid) and can appear multiple times per Bonus session | O56: Bet multiplier | P56: 10 | Q56: 10
A57: Once appeared it will collect all QH values from its Slot Grid | O57: Lines | P57: 40 | Q57: 40
B58: Note: | O58: Max symbol win (credits) | P58: =$R$14*P70/P57/100 -> 625 | Q58: =$R$14*Q70/Q57/100 -> 312.5
B59: Maximizer feature cannot appear at the same time on the same Slot Grid with Collect Feature | O59: Max exposure (credits) | P59: =P70*$P$35/100 -> 250000 | Q59: =Q70*$P$35/100 -> 125000
B60: Collect feature cannot be trigger if there is no QH on its Slot Grid
O61: Bet Model | P61: 10 | Q61: 10
A62: Bonus Game3 - w Multiplier
A63: Similar to Bonus Game1 and Bonus Game2 but Fireball and Collect feature is replaced by Multiplier symbol
A64: Multiplier can appear up to two times per spin (One per Slot Grid) and can appear multiple times per Bonus session | O64: Default coin size | P64: 10 | Q64: 5
A65: Multiplier symbol can be 2x, 3x, 4x or 5x and will multiply immediately all QH symbols on its corresponding Slot grid | O65: Default num coins | P65: 20 | Q65: 40
A66: Multiplier symbol does not stick | O66: Max num coins | P66: 250 | Q66: 250
B67: Note: | O67: Min num coins | P67: 2 | Q67: 2
B68: Maximizer feature cannot appear at the same time on the same Slot Grid with Multiplier Feature
B69: Multiplier feature cannot be trigger if there is no QH on its Slot Grid | O69: Max coins per line | P69: =P66/P56 -> 25 | Q69: =Q66/Q56 -> 25
O70: Max bet value | P70: 2500 | Q70: 1250
A71: Bonus Game4 - w Mirror | O71: Min bet value | P71: 2 | Q71: 2
A72: Similar to Bonus Game1, Bonus Game2 and Bonus Game3 but Fireball, Collect and Multiplier feature is replaced by Mirror symbol | O72: Default bet value | P72: =P64*P65 -> 200 | Q72: =Q64*Q65 -> 200
A73: Mirror symbol can appear up to Three times per spin (Either on Slot Grid 1 or 2) and can appear multiple times per Bonus session
A74: Mirror symbol sticks and generates QH values and it mirrors its value into the other Slot Grid | O74: Coin sizes | P74: 1,2,5,10 | Q74: 1,2,5
B75: Note:
B76: Maximizer feature cannot appear at the same time with Mirror Feature
B77: Mirror Feature can be trigger even the Slot Grid is empty
B78: If the Slot Grid position that is being mirrored is empty then its spin counter will reset but if it is not empty then it wont reset
B79: If the mirrored position contains already QH , then mirrored value will just be added
B80: Mirrored value can be added even the other slot grid is already finish and it wont reset the counter of the finished slot grid.
C82: Example1
C83: Slot Grid1 | I83: Slot Grid2
C85: 3x | E85: Mirror - 20x
C87: 5x
C89: Slot Grid1 | I89: Slot Grid2
C91: 3x | E91: 20x | K91: Mirrored 20x
C93: 5x
K94: Note: Slot Grid2 counter resets because the position was empty
C96: Example2
C97: Slot Grid1 | I97: Slot Grid2
C99: 3x | E99: Mirror - 20x | K99: 10x
C101: 5x
C103: Slot Grid1 | I103: Slot Grid2
C105: 3x | E105: 20x | K105: Mirrored - 20x + 10x
C107: 5x
K108: Note: Slot Grid2 counter does not reset because the position wasn't empty
C111: Example3
C112: Slot Grid1 | I112: Slot Grid2
C114: 3x | E114: Mirror - 20x | K114: Mirror - 15x
C116: 5x
C118: Slot Grid1 | I118: Slot Grid2
C120: 3x | E120: Mirrored - 20x + 15x | K120: Mirrored - 20x + 15x
...

Sheet Market Summary
D2: 94 Variant | E2: 92 Variant
C3: RTP | D3: 0.94436523 | E3: 0.9242577
C4: Variance | D4: =D6^2 -> 32.231104 | E4: =E6^2 -> 29.339847
C5: Hit Rate % | D5: 0.2426232 | E5: 0.24226096
C6: Standard deviation | D6: 5.6772444 | E6: 5.4166269
C7: Volatility Index Based on a 95% Level of Confidence | D7: 11.12773 | E7: 10.61743
A9: USA | C9: State: | D9: New Jersey
D10: 94 | E10: 92
C11: Highest Advertised Win Odds (1 in X) | D11: 16629479 | E11: 18133545
C12: How is it achieved? | D12: Winning Grand Jackpot by filling Grand Jackpot Meter in any of the 4 Bonus Games
C14: NB: | D14: The highest pay in the prize-first distribution or the highest paying award is to be used as the Top Award for the game
C16: State: | D16: Michigan
D17: 94 | E17: 92
C18: Highest Advertised Win Odds (1 in X) | D18: =D11 -> 16629479 | E18: =E11 -> 18133545
C19: Highest Advertised Win Odds (X : 1) | D19: =D18-1 -> 16629478 | E19: =E18-1 -> 18133544
C20: How is it achieved? | D20: =D12 -> Winning Grand Jackpot by filling Grand Jackpot Meter in any of the 4 Bonus Games
C22: NB: | D22: The highest pay in the prize-first distribution or the highest paying award is to be used as the Top Award for the game
C24: State: | D24: Connecticut
D25: 94 | E25: 92
C26: Highest Advertised Win Odds (1 in X) | D26: =D18 -> 16629479 | E26: =E18 -> 18133545
C27: Highest Advertised Win Odds (X : 1) | D27: =D19 -> 16629478 | E27: =E19 -> 18133544
C28: How is it achieved? | D28: =D20 -> Winning Grand Jackpot by filling Grand Jackpot Meter in any of the 4 Bonus Games
C30: NB: | D30: The highest pay in the prize-first distribution or the highest paying award is to be used as the Top Award for the game
C32: State: | D32: Pennsylvania
D33: 94 | E33: 92
C34: Highest Advertised Win Odds (1 in X) | D34: =D26 -> 16629479 | E34: =E26 -> 18133545
C35: How is it achieved? | D35: =D28 -> Winning Grand Jackpot by filling Grand Jackpot Meter in any of the 4 Bonus Games
C38: NB: | D38: The highest pay in the prize-first distribution or the highest paying award is to be used as the Top Award for the game
C39: Worst Odds (1 in X) | D39: =D34 -> 16629479 | E39: =E34 -> 18133545
C40: How is it achieved? | D40: =D35 -> Winning Grand Jackpot by filling Grand Jackpot Meter in any of the 4 Bonus Games
C42: NB: | D42: The smallest odds from ALL unique awards.
C44: Win-Caps | D44: 94 | E44: 92
C45: Does this game have a Win-Cap? | D45: NO
C46: Possible Answers:
C47: Yes
C48: Odds (1 in X) | D48: N/A | E48: N/A
C49: %RTP Shaved | D49: N/A | E49: N/A
C50: No
C51: How is this achieved?
C54: Game Math Derivation
C55: Is the Game Math Derived from Simulation? | D55: YES - PARTIAL
C56: Possible Answers:
C57: Yes - Full | D57: SIMULATION PROGRAM PROVIDED
C58: Yes - Partial
C59: No

Sheet Change Log
A1: Changes from Old V1 94%
A2: 1.) Maximum of only 3 Mirror Feature can appear per spin on Bonus Game4
A3: 2.) Maximizer Feature cannot appear at the same time with Mirror Feature on Bonus Game4
A4: 3.) New Mirror Feature Trigger Chance for Bonus Game4. "MathSheet" E64
A6: Changes from V1 94%
A7: 1.) New BaseA Reelset. "Row_Structure"
A8: 2.) New Base %Distribution. "MathSheet" B10:B12
A9: 3.) New Base Coin Conversion Chance to Bonus Game. "MathSheet" G53:G56
A10: 4.) New Jackpot Increment Values. "MathSheet" C39:C42

Sheet Flow_Chart
A1: FlowChart
AB2: Bonus Game
M24: Yes
K29: No
D36: Yes
M37: Yes | T37: Yes
AT39: No
F40: No
K41: No | AI41: Yes
Q42: No | AD42: Yes | AO42: No | AV42: Yes
AK44: No
AB47: No | AM47: Yes
AO52: No
Z54: Yes
AM55: Yes
AC58: No | AO58: No
AO61: Yes

Sheet MathSheet
A1: Math Sheet
A3: Base RTP: | B3: =Summary!B16 -> 0.37003551 | D3: Base Hit Rate: | E3: =Heat_map_graph_FG!D59 -> 0.23758546 | G3: Base Win Rate: | H3: =SUM(Heat_map_graph_FG!D37:D58) -> 0.125727
A4: Base Collect Feature RTP: | B4: =Summary!B17 -> 0.33600494 | D4: Full Game Hit Rate: | E4: =Heat_map_graph_FG!D27 -> 0.2426232 | G4: Full Game Win Rate: | H4: =SUM(Heat_map_graph_FG!D5:D26) -> 0.13169962
A5: Bonus RTP: | B5: =Summary!B18 -> 0.2252839 | D5: Base SD: | E5: 3.2267684
A6: Jackpot RTP: | B6: =Summary!B19 -> 0.013040893 | D6: Full Game SD: | E6: 5.6772444 | G6: Max Win: | H6: =Summary!N18 -> 10000 | I6: x totalbet
A7: Total: | B7: =SUM(B3:B6) -> 0.94436523 | D7: Volatility index (95%) | E7: 11.12773 | F7: =NORMDIST(E7, B7-1, E6, TRUE) - NORMDIST(-E7, B7-1, E6, TRUE) -> 0.95000002 | G7: Chance(Pulls/Hit): | H7: =Summary!R18 -> 6.0134176e-08 | I7: or 1 in | J7: =1/H7 -> 16629479 | K7: spins
A9: Base Reelset Distribution | B9: =Summary!B2 -> Chance | C9: =Summary!C2 -> RTP | D9: =Summary!D2 -> EV | E9: =Summary!F2 -> Base RTP | F9: =Summary!G2 -> EV | H9: BaseQH Distribution | I9: BaseB | K9: BaseC
A10: =Summary!A3 -> BaseA | B10: =Summary!B3 -> 0.72 | C10: =Summary!C3 -> 0.48924808 | D10: =Summary!D3 -> 0.35225862 | E10: =Summary!F3 -> 0.48924808 | F10: =Summary!G3 -> 0.35225862 | H10: =BaseB!N24 -> QH Multiplier/Symbol | I10: =BaseB!O24 -> Chance | J10: =BaseB!P24 -> EV | K10: =BaseC!O24 -> Chance | L10: =BaseC!P24 -> EV
A11: =Summary!A4 -> BaseB | B11: =Summary!B4 -> 0.24 | C11: =Summary!C4 -> 2.2487377 | D11: =Summary!D4 -> 0.53969705 | E11: =Summary!F4 -> 1.4412014 | F11: =Summary!G4 -> 0.34588833 | H11: =BaseB!N25 -> 0.5 | I11: =BaseB!O25 -> 0.2781 | J11: =BaseB!P25 -> 0.13905 | K11: =BaseC!O25 -> 0.05 | L11: =BaseC!P25 -> 0.025
A12: =Summary!A5 -> BaseC | B12: =Summary!B5 -> 0.04 | C12: =Summary!C5 -> 0.98421665 | D12: =Summary!D5 -> 0.039368666 | E12: =Summary!F5 -> 0.19733723 | F12: =Summary!G5 -> 0.0078934894 | H12: =BaseB!N26 -> 1 | I12: =BaseB!O26 -> 0.27 | J12: =BaseB!P26 -> 0.27 | K12: =BaseC!O26 -> 0.05 | L12: =BaseC!P26 -> 0.05
B13: =Summary!B6 -> 1 | D13: =Summary!D6 -> 0.93132434 | F13: =SUM(F10:F12) -> 0.70604044 | H13: =BaseB!N27 -> 1.5 | I13: =BaseB!O27 -> 0.12 | J13: =BaseB!P27 -> 0.18 | K13: =BaseC!O27 -> 0.05 | L13: =BaseC!P27 -> 0.075
H14: =BaseB!N28 -> 2 | I14: =BaseB!O28 -> 0.09 | J14: =BaseB!P28 -> 0.18 | K14: =BaseC!O28 -> 0.05 | L14: =BaseC!P28 -> 0.1
H15: =BaseB!N29 -> 2.5 | I15: =BaseB!O29 -> 0.06 | J15: =BaseB!P29 -> 0.15 | K15: =BaseC!O29 -> 0.05 | L15: =BaseC!P29 -> 0.125
A16: Random Symbols | B16: BaseA | D16: =Summary!F8 -> Type of Coin in Base in BaseB and BaseC | E16: =Summary!G8 -> Chance | H16: =BaseB!N30 -> 3 | I16: =BaseB!O30 -> 0.04 | J16: =BaseB!P30 -> 0.12 | K16: =BaseC!O30 -> 0.05 | L16: =BaseC!P30 -> 0.15
A17: =BaseA!N25 -> H1 | B17: =BaseA!O25 -> 0.07 | D17: =Summary!F9 -> Bronze | E17: =Summary!G9 -> 0.25 | H17: =BaseB!N31 -> 3.5 | I17: =BaseB!O31 -> 0.03 | J17: =BaseB!P31 -> 0.105 | K17: =BaseC!O31 -> 0.05 | L17: =BaseC!P31 -> 0.175
A18: =BaseA!N26 -> H2 | B18: =BaseA!O26 -> 0.08 | D18: =Summary!F10 -> Silver | E18: =Summary!G10 -> 0.25 | H18: =BaseB!N32 -> 4 | I18: =BaseB!O32 -> 0.025 | J18: =BaseB!P32 -> 0.1 | K18: =BaseC!O32 -> 0.05 | L18: =BaseC!P32 -> 0.2
A19: =BaseA!N27 -> H3 | B19: =BaseA!O27 -> 0.1 | D19: =Summary!F11 -> Gold | E19: =Summary!G11 -> 0.25 | H19: =BaseB!N33 -> 5 | I19: =BaseB!O33 -> 0.02 | J19: =BaseB!P33 -> 0.1 | K19: =BaseC!O33 -> 0.05 | L19: =BaseC!P33 -> 0.25
A20: =BaseA!N28 -> H4 | B20: =BaseA!O28 -> 0.11 | D20: =Summary!F12 -> Platinum | E20: =Summary!G12 -> 0.25 | H20: =BaseB!N34 -> 6 | I20: =BaseB!O34 -> 0.015 | J20: =BaseB!P34 -> 0.09 | K20: =BaseC!O34 -> 0.05 | L20: =BaseC!P34 -> 0.3
A21: =BaseA!N29 -> H5 | B21: =BaseA!O29 -> 0.11 | E21: =Summary!G13 -> 1 | H21: =BaseB!N35 -> 7 | I21: =BaseB!O35 -> 0.012 | J21: =BaseB!P35 -> 0.084 | K21: =BaseC!O35 -> 0.05 | L21: =BaseC!P35 -> 0.35
A22: =BaseA!N30 -> L1 | B22: =BaseA!O30 -> 0.12 | H22: =BaseB!N36 -> 8 | I22: =BaseB!O36 -> 0.01 | J22: =BaseB!P36 -> 0.08 | K22: =BaseC!O36 -> 0.05 | L22: =BaseC!P36 -> 0.4
A23: =BaseA!N31 -> L2 | B23: =BaseA!O31 -> 0.12 | D23: QH Collect Feature | H23: =BaseB!N37 -> 9 | I23: =BaseB!O37 -> 0.008 | J23: =BaseB!P37 -> 0.072 | K23: =BaseC!O37 -> 0.05 | L23: =BaseC!P37 -> 0.45
A24: =BaseA!N32 -> L3 | B24: =BaseA!O32 -> 0.14 | D24: =Summary!A12 -> Collect Win Chance: | E24: =Summary!B12 -> 0.045661841 | F24: =Summary!C12 -> or 1 in | G24: =Summary!D12 -> 21.900125 | H24: =BaseB!N38 -> 10 | I24: =BaseB!O38 -> 0.006 | J24: =BaseB!P38 -> 0.06 | K24: =BaseC!O38 -> 0.05 | L24: =BaseC!P38 -> 0.5
A25: =BaseA!N33 -> L4 | B25: =BaseA!O33 -> 0.13 | D25: =Summary!A13 -> Collect RTP: | E25: =Summary!B13 -> 0.33600494 | H25: =BaseB!N39 -> 12 | I25: =BaseB!O39 -> 0.005 | J25: =BaseB!P39 -> 0.06 | K25: =BaseC!O39 -> 0.05 | L25: =BaseC!P39 -> 0.6
A26: =BaseA!N34 -> W | B26: =BaseA!O34 -> 0.02 | D26: =Summary!A14 -> Collect Ave Win: | E26: =Summary!B14 -> 7.35855 | F26: x totalbet | H26: =BaseB!N40 -> 15 | I26: =BaseB!O40 -> 0.004 | J26: =BaseB!P40 -> 0.06 | K26: =BaseC!O40 -> 0.05 | L26: =BaseC!P40 -> 0.75
B27: =SUM(B17:B26) -> 1 | H27: =BaseB!N41 -> 20 | I27: =BaseB!O41 -> 0.003 | J27: =BaseB!P41 -> 0.06 | K27: =BaseC!O41 -> 0.04 | L27: =BaseC!P41 -> 0.8
H28: =BaseB!N42 -> 25 | I28: =BaseB!O42 -> 0.002 | J28: =BaseB!P42 -> 0.05 | K28: =BaseC!O42 -> 0.04 | L28: =BaseC!P42 -> 1
H29: =BaseB!N43 -> 30 | I29: =BaseB!O43 -> 0.001 | J29: =BaseB!P43 -> 0.03 | K29: =BaseC!O43 -> 0.04 | L29: =BaseC!P43 -> 1.2
H30: =BaseB!N44 -> 40 | I30: =BaseB!O44 -> 0.0005 | J30: =BaseB!P44 -> 0.02 | K30: =BaseC!O44 -> 0.04 | L30: =BaseC!P44 -> 1.6
H31: =BaseB!N45 -> 50 | I31: =BaseB!O45 -> 0.0004 | J31: =BaseB!P45 -> 0.02 | K31: =BaseC!O45 -> 0.04 | L31: =BaseC!P45 -> 2
I32: =SUM(I11:I31) -> 1 | J32: =SUM(J11:J31) -> 2.03005 | K32: =SUM(K11:K31) -> 1 | L32: =SUM(L11:L31) -> 11.1
A33: Jackpot
A34: =Summary!J10 -> Chance of Increment in BaseA: | B34: =Summary!K10 -> 0.4
A35: =Summary!J11 -> Chance of Increment: | B35: =Summary!K11 -> 0.288 | C35: =Summary!L11 -> or 1 in | D35: =Summary!M11 -> 3.4722222
A36: =Summary!J13 -> Bonus Game Token Chance: | B36: =Summary!K13 -> 0.16
A38: =Summary!J14 -> Type | B38: =Summary!K14 -> Increment %Distribution | C38: =Summary!L14 -> Increment Value | D38: =Summary!M14 -> Min Jackpot Win | E38: =Summary!N14 -> Max Jackpot Win | F38: =Summary!O14 -> Average Win | G38: =Summary!P14 -> Token %Distribution | H38: =Summary!Q14 -> No. of Tokens Required | ... K38: =Summary!T14 -> Jackpot Pulls/Hit
A39: =Summary!J15 -> Mini | B39: =Summary!K15 -> 0.25 | C39: =Summary!L15 -> 0.5 | D39: =Summary!M15 -> 10 | E39: =Summary!N15 -> 20 | F39: =Summary!O15 -> 19.907802 | G39: =Summary!P15 -> 0.26 | H39: =Summary!Q15 -> 2 | ... K39: =Summary!T15 -> 2828.8112
A40: =Summary!J16 -> Midi | B40: =Summary!K16 -> 0.25 | C40: =Summary!L16 -> 2 | D40: =Summary!M16 -> 30 | E40: =Summary!N16 -> 50 | F40: =Summary!O16 -> 49.980773 | G40: =Summary!P16 -> 0.31 | H40: =Summary!Q16 -> 3 | ... K40: =Summary!T16 -> 14079.799
A41: =Summary!J17 -> Maxi | B41: =Summary!K17 -> 0.25 | C41: =Summary!L17 -> 5 | D41: =Summary!M17 -> 250 | E41: =Summary!N17 -> 500 | F41: =Summary!O17 -> 499.95123 | G41: =Summary!P17 -> 0.25 | H41: =Summary!Q17 -> 4 | ... K41: =Summary!T17 -> 269920.89
A42: =Summary!J18 -> Grand | B42: =Summary!K18 -> 0.25 | C42: =Summary!L18 -> 10 | D42: =Summary!M18 -> 5000 | E42: =Summary!N18 -> 10000 | F42: =Summary!O18 -> 10000 | G42: =Summary!P18 -> 0.18 | H42: =Summary!Q18 -> 5 | ... K42: =Summary!T18 -> 16629479
B43: =Summary!K19 -> 1 | G43: =Summary!P19 -> 1 | I43: =SUM(I39:I42) -> 0.00042829406 | J43: =Summary!S19 -> 0.013040893 | K43: =1/I43 -> 2334.8444
A46: Bonus Game
A47: Bonus Chance: | B47: =H57 -> 0.0071412662 | C47: or 1 in | D47: =1/B47 -> 140.03119
A48: Bonus Ave. Win: | B48: =L57 -> 31.546772 | C48: x totalbet
A49: Bonus RTP: | B49: =K57 -> 0.2252839
A50: Initial no. of Spins: | B50: 3
A52: =Summary!A23 -> Bonus Type | B52: Symbol hit per slot | C52: =Summary!C23 -> Ave no. of Symbol hits | D52: Chance of Coin Type in Base | E52: =Summary!K3 -> Ave no. of Coins to Cup | F52: Coin to Cup Pulls/hit | G52: =Summary!L3 -> Coin Conversion to Bonus Game | H52: =Summary!D23 -> Chance | I52: =Summary!E23 -> Pulls/hit | J52: =Summary!F23 -> Ave Win | K52: =Summary!G23 -> EV | L52: =Summary!H23 -> Total Ave Win
A53: =Summary!A24 -> Bonus1 | B53: =Summary!B24 -> 0.039 | C53: =Summary!C24 -> 13.714566 | D53: =E17 -> 0.25 | E53: =Summary!K4 -> 0.1758672 | F53: =1/E53 -> 5.6861088 | G53: =Summary!L4 -> 0.011 | H53: =Summary!D24 -> 0.0019345391 | I53: =Summary!E24 -> 516.91898 | J53: =Summary!F24 -> 28.718256 | K53: =Summary!G24 -> 0.055556591 | L53: =Summary!H24 -> 7.7796556
A54: =Summary!A25 -> Bonus2 | B54: =Summary!B25 -> 0.039 | C54: =Summary!C25 -> 13.63257 | D54: =E18 -> 0.25 | E54: =Summary!K5 -> 0.1758672 | F54: =1/E54 -> 5.6861088 | G54: =Summary!L5 -> 0.0103 | H54: =Summary!D25 -> 0.0017989158 | I54: =Summary!E25 -> 555.8904 | J54: =Summary!F25 -> 31.003711 | K54: =Summary!G25 -> 0.055773065 | L54: =Summary!H25 -> 7.8099686
A55: =Summary!A26 -> Bonus3 | B55: =Summary!B26 -> 0.039 | C55: =Summary!C26 -> 13.301109 | D55: =E19 -> 0.25 | E55: =Summary!K6 -> 0.1758672 | F55: =1/E55 -> 5.6861088 | G55: =Summary!L6 -> 0.01 | H55: =Summary!D26 -> 0.0017352203 | I55: =Summary!E26 -> 576.2957 | J55: =Summary!F26 -> 32.782395 | K55: =Summary!G26 -> 0.056884678 | L55: =Summary!H26 -> 7.9656292
A56: =Summary!A27 -> Bonus4 | B56: =Summary!B27 -> 0.039 | C56: =Summary!C27 -> 18.261442 | D56: =E20 -> 0.25 | E56: =Summary!K7 -> 0.1758672 | F56: =1/E56 -> 5.6861088 | G56: =Summary!L7 -> 0.0097 | H56: =Summary!D27 -> 0.0016725909 | I56: =Summary!E27 -> 597.87482 | J56: =Summary!F27 -> 34.120455 | K56: =Summary!G27 -> 0.057069563 | L56: =Summary!H27 -> 7.9915189
D57: =SUM(D53:D56) -> 1 | E57: =SUM(E53:E56) -> 0.70346878 | F57: =1/E57 -> 1.4215272 | H57: =Summary!D28 -> 0.0071412662 | I57: =Summary!E28 -> 140.03119 | K57: =Summary!G28 -> 0.2252839 | L57: =Summary!H28 -> 31.546772
A59: Bonus Game Feature Distribution
A60: =Bonus_Game1!G3 -> Value | B60: Bonus Game1(Including Fireball) | C60: Bonus Game2 | D60: Bonus Game3 | E60: Bonus Game4(Including Mirror Feature)
A61: Jackpot Symbol Chance/New Hit: | B61: =B36 -> 0.16 | C61: =B36 -> 0.16 | D61: =B36 -> 0.16 | E61: =B36 -> 0.16
A62: Maximizer Chance per Bonus Spin: | B62: =Bonus_Game1!D3 -> 0.02 | C62: =Bonus_Game2!D3 -> 0.02 | D62: =Bonus_Game3!D3 -> 0.02 | E62: =Bonus_Game4!D3 -> 0.02
A63: Maximizer Ave no. of hit per Bonus session: | B63: =Bonus_Game1!E3 -> 0.3497317 | C63: =Bonus_Game2!E3 -> 0.34900557 | D63: =Bonus_Game3!E3 -> 0.35183704 | E63: =Bonus_Game4!E3 -> 0.27455154
A64: Feature Chance per Bonus Spin: | B64: =Bonus_Game1!D4 -> 0.03 | C64: =Bonus_Game2!D4 -> 0.027 | D64: =Bonus_Game3!D4 -> 0.027 | E64: =Bonus_Game4!D4 -> 0.052
A65: Feature Ave no. of hit per Bonus session: | B65: =Bonus_Game1!E4 -> 0.63232897 | C65: =Bonus_Game2!E4 -> 0.56697998 | D65: =Bonus_Game3!E4 -> 0.5742395 | E65: =Bonus_Game4!E4 -> 2.5243301
A66: =Bonus_Game1!G4 -> 0.5 | B66: =Bonus_Game1!H4 -> 0.2966 | C66: =Bonus_Game2!H4 -> 0.2966 | D66: =Bonus_Game3!H4 -> 0.2966 | E66: =Bonus_Game4!H4 -> 0.2966 | G66: Bonus3 Multiplier (Does not Stick)
A67: =Bonus_Game1!G5 -> 1 | B67: =Bonus_Game1!H5 -> 0.3 | C67: =Bonus_Game2!H5 -> 0.3 | D67: =Bonus_Game3!H5 -> 0.3 | E67: =Bonus_Game4!H5 -> 0.3 | G67: =Bonus_Game3!C15 -> Multiplier | H67: =Bonus_Game3!D15 -> Chance | I67: =Bonus_Game3!E15 -> EV
A68: =Bonus_Game1!G6 -> 1.5 | B68: =Bonus_Game1!H6 -> 0.13 | C68: =Bonus_Game2!H6 -> 0.13 | D68: =Bonus_Game3!H6 -> 0.13 | E68: =Bonus_Game4!H6 -> 0.13 | G68: =Bonus_Game3!C16 -> 2 | H68: =Bonus_Game3!D16 -> 0.93 | I68: =Bonus_Game3!E16 -> 1.86
A69: =Bonus_Game1!G7 -> 2 | B69: =Bonus_Game1!H7 -> 0.09 | C69: =Bonus_Game2!H7 -> 0.09 | D69: =Bonus_Game3!H7 -> 0.09 | E69: =Bonus_Game4!H7 -> 0.09 | G69: =Bonus_Game3!C17 -> 3 | H69: =Bonus_Game3!D17 -> 0.05 | I69: =Bonus_Game3!E17 -> 0.15
A70: =Bonus_Game1!G8 -> 2.5 | B70: =Bonus_Game1!H8 -> 0.05 | C70: =Bonus_Game2!H8 -> 0.05 | D70: =Bonus_Game3!H8 -> 0.05 | E70: =Bonus_Game4!H8 -> 0.05 | G70: =Bonus_Game3!C18 -> 4 | H70: =Bonus_Game3!D18 -> 0.01 | I70: =Bonus_Game3!E18 -> 0.04
A71: =Bonus_Game1!G9 -> 3 | B71: =Bonus_Game1!H9 -> 0.03 | C71: =Bonus_Game2!H9 -> 0.03 | D71: =Bonus_Game3!H9 -> 0.03 | E71: =Bonus_Game4!H9 -> 0.03 | G71: =Bonus_Game3!C19 -> 5 | H71: =Bonus_Game3!D19 -> 0.01 | I71: =Bonus_Game3!E19 -> 0.05
A72: =Bonus_Game1!G10 -> 3.5 | B72: =Bonus_Game1!H10 -> 0.02 | C72: =Bonus_Game2!H10 -> 0.02 | D72: =Bonus_Game3!H10 -> 0.02 | E72: =Bonus_Game4!H10 -> 0.02 | H72: =Bonus_Game3!D20 -> 1 | I72: =Bonus_Game3!E20 -> 2.1
A73: =Bonus_Game1!G11 -> 4 | B73: =Bonus_Game1!H11 -> 0.015 | C73: =Bonus_Game2!H11 -> 0.015 | D73: =Bonus_Game3!H11 -> 0.015 | E73: =Bonus_Game4!H11 -> 0.015
A74: =Bonus_Game1!G12 -> 5 | B74: =Bonus_Game1!H12 -> 0.014 | C74: =Bonus_Game2!H12 -> 0.014 | D74: =Bonus_Game3!H12 -> 0.014 | E74: =Bonus_Game4!H12 -> 0.014
A75: =Bonus_Game1!G13 -> 6 | B75: =Bonus_Game1!H13 -> 0.012 | C75: =Bonus_Game2!H13 -> 0.012 | D75: =Bonus_Game3!H13 -> 0.012 | E75: =Bonus_Game4!H13 -> 0.012
A76: =Bonus_Game1!G14 -> 7 | B76: =Bonus_Game1!H14 -> 0.01 | C76: =Bonus_Game2!H14 -> 0.01 | D76: =Bonus_Game3!H14 -> 0.01 | E76: =Bonus_Game4!H14 -> 0.01
A77: =Bonus_Game1!G15 -> 8 | B77: =Bonus_Game1!H15 -> 0.008 | C77: =Bonus_Game2!H15 -> 0.008 | D77: =Bonus_Game3!H15 -> 0.008 | E77: =Bonus_Game4!H15 -> 0.008
A78: =Bonus_Game1!G16 -> 9 | B78: =Bonus_Game1!H16 -> 0.006 | C78: =Bonus_Game2!H16 -> 0.006 | D78: =Bonus_Game3!H16 -> 0.006 | E78: =Bonus_Game4!H16 -> 0.006
A79: =Bonus_Game1!G17 -> 10 | B79: =Bonus_Game1!H17 -> 0.005 | C79: =Bonus_Game2!H17 -> 0.005 | D79: =Bonus_Game3!H17 -> 0.005 | E79: =Bonus_Game4!H17 -> 0.005
A80: =Bonus_Game1!G18 -> 12 | B80: =Bonus_Game1!H18 -> 0.004 | C80: =Bonus_Game2!H18 -> 0.004 | D80: =Bonus_Game3!H18 -> 0.004 | E80: =Bonus_Game4!H18 -> 0.004
A81: =Bonus_Game1!G19 -> 15 | B81: =Bonus_Game1!H19 -> 0.003 | C81: =Bonus_Game2!H19 -> 0.003 | D81: =Bonus_Game3!H19 -> 0.003 | E81: =Bonus_Game4!H19 -> 0.003
A82: =Bonus_Game1!G20 -> 20 | B82: =Bonus_Game1!H20 -> 0.0025 | C82: =Bonus_Game2!H20 -> 0.0025 | D82: =Bonus_Game3!H20 -> 0.0025 | E82: =Bonus_Game4!H20 -> 0.0025
A83: =Bonus_Game1!G21 -> 25 | B83: =Bonus_Game1!H21 -> 0.002 | C83: =Bonus_Game2!H21 -> 0.002 | D83: =Bonus_Game3!H21 -> 0.002 | E83: =Bonus_Game4!H21 -> 0.002
A84: =Bonus_Game1!G22 -> 30 | B84: =Bonus_Game1!H22 -> 0.001 | C84: =Bonus_Game2!H22 -> 0.001 | D84: =Bonus_Game3!H22 -> 0.001 | E84: =Bonus_Game4!H22 -> 0.001
... A86: =Bonus_Game1!G24 -> 50 | B86: =Bonus_Game1!H24 -> 0.0004 | C86: =Bonus_Game2!H24 -> 0.0004 | D86: =Bonus_Game3!H24 -> 0.0004 | E86: =Bonus_Game4!H24 -> 0.0004
B87: =SUM(B66:B86) -> 1 | C87: =SUM(C66:C86) -> 1 | D87: =SUM(D66:D86) -> 1 | E87: =SUM(E66:E86) -> 1

Sheet Summary
A1: Summary
B2: Chance | C2: RTP | D2: EV | F2: Base RTP | G2: EV | J2: Collect Bonus Game
A3: BaseA | B3: =1 - SUM(B4:B5) -> 0.72 | C3: =BaseA!H1 -> 0.48924808 | D3: =B3 * C3 -> 0.35225862 | F3: =BaseA!E1 -> 0.48924808 | G3: =B3 * F3 -> 0.35225862 | J3: Bonus Type | K3: Ave no. of Coins to Cup | L3: Coin Conversion to Bonus Game | M3: Bonus Game Chance | N3: Pulls/Hit
A4: BaseB | B4: 0.24 | C4: =BaseB!H1 -> 2.2487377 | D4: =B4 * C4 -> 0.53969705 | F4: =BaseB!E1+BaseB!K1 -> 1.4412014 | G4: =B4 * F4 -> 0.34588833 | J4: Bonus1 | K4: =BaseB!I92 * B4 + BaseC!I84 * B5 -> 0.1758672 | L4: =BaseB!O68 -> 0.011 | M4: =B4 * BaseB!P68 + B5 * BaseC!P68 -> 0.0019345391 | N4: =1/M4 -> 516.91898
A5: BaseC | B5: 0.04 | C5: =BaseC!H1 -> 0.98421665 | D5: =B5 * C5 -> 0.039368666 | F5: =BaseC!E1+BaseC!K1 -> 0.19733723 | G5: =B5 * F5 -> 0.0078934894 | J5: Bonus2 | K5: =B4 * BaseB!J92 + B5 * BaseC!J84 -> 0.1758672 | L5: =BaseB!O69 -> 0.0103 | M5: =B4 * BaseB!P69 + B5 * BaseC!P69 -> 0.0017989158 | N5: =1/M5 -> 555.8904
B6: =SUM(B3:B5) -> 1 | D6: =SUM(D3:D5) -> 0.93132434 | G6: =SUM(G3:G5) -> 0.70604044 | J6: Bonus3 | K6: =B4 * BaseB!K92 + B5 * BaseC!K84 -> 0.1758672 | L6: =BaseB!O70 -> 0.01 | M6: =B4 * BaseB!P70 + B5 * BaseC!P70 -> 0.0017352203 | N6: =1/M6 -> 576.2957
J7: Bonus4 | K7: =B4 * BaseB!L92 + B5 * BaseC!L84 -> 0.1758672 | L7: =BaseB!O71 -> 0.0097 | M7: =B4 * BaseB!P71 + B5 * BaseC!P71 -> 0.0016725909 | N7: =1/M7 -> 597.87482
A8: Bonus Ave Win: | B8: =H28 -> 31.546772 | F8: Type of Coin in Base in BaseB and BaseC | G8: Chance | M8: =SUM(M4:M7) -> 0.0071412662 | N8: =1/M8 -> 140.03119
A9: Bonus Chance: | B9: =D28 -> 0.0071412662 | C9: or 1 in | D9: =1/B9 -> 140.03119 | F9: Bronze | G9: =BaseB!H66 -> 0.25
A10: Bonus RTP: | B10: =B8*B9 -> 0.2252839 | F10: Silver | G10: =BaseB!H67 -> 0.25 | J10: Chance of Increment in BaseA: | K10: 0.4
F11: Gold | G11: =BaseB!H68 -> 0.25 | J11: Chance of Increment: | K11: =K10 * B3 -> 0.288 | L11: or 1 in | M11: =1/K11 -> 3.4722222
A12: Collect Win Chance: | B12: =B4 * G16 + B5 * H16 -> 0.045661841 | C12: or 1 in | D12: =1/B12 -> 21.900125 | F12: Platinum | G12: =BaseB!H69 -> 0.25
A13: Collect RTP: | B13: =G18 * B4 + H18 * B5 -> 0.33600494 | G13: =SUM(G9:G12) -> 1 | J13: Bonus Game Token Chance: | K13: =Bonus_Game1!M$29 -> 0.16
A14: Collect Ave Win: | B14: =B13/B12 -> 7.35855 | J14: Type | K14: Increment %Distribution | L14: Increment Value | M14: Min Jackpot Win | N14: Max Jackpot Win | O14: Average Win | P14: Token %Distribution | Q14: No. of Tokens Required | R14: Jackpot Hit Chance | S14: RTP | T14: Jackpot Pulls/Hit
G15: =A4 -> BaseB | H15: =A5 -> BaseC | J15: =Bonus_Game1!L33 -> Mini | K15: =100%/4 -> 0.25 | L15: 0.5 | M15: 10 | N15: 20 | O15: 19.907802 | P15: =Bonus_Game1!N33 -> 0.26 | Q15: 2 | R15: =M$4 * Bonus_Game1!O33 + M$5 * Bonus_Game2!O33 + M$6 * Bonus_Game3!O33 + M$7 * Bonus_Game4!O33 -> 0.00035350539 | S15: =O15*R15 -> 0.0070375153 | T15: =1/R15 -> 2828.8112
A16: Payline RTP: | B16: =G6-B13 -> 0.37003551 | F16: Collect Win Chance: | G16: =1 - ( (1-BaseB!B40 ) * (1 - BaseB!E40 ) ) -> 0.18971374 | H16: =BaseC!B39 -> 0.0032635469 | J16: =Bonus_Game1!L34 -> Midi | K16: =100%/4 -> 0.25 | L16: 2 | M16: 30 | N16: 50 | O16: 49.980773 | P16: =Bonus_Game1!N34 -> 0.31 | Q16: 3 | R16: =M$4 * Bonus_Game1!O34 + M$5 * Bonus_Game2!O34 + M$6 * Bonus_Game3!O34 + M$7 * Bonus_Game4!O34 -> 7.1023742e-05 | S16: =O16*R16 -> 0.0035498216 | T16: =1/R16 -> 14079.799
A17: Collect RTP: | B17: =B13 -> 0.33600494 | F17: Collect Ave Win: | G17: =G18/G16 -> 7.2581712 | H17: =H18/H16 -> 42.369357 | J17: =Bonus_Game1!L35 -> Maxi | K17: =100%/4 -> 0.25 | L17: 5 | M17: 250 | N17: 500 | O17: 499.95123 | P17: =Bonus_Game1!N35 -> 0.25 | Q17: 4 | R17: =M$4 * Bonus_Game1!O35 + M$5 * Bonus_Game2!O35 + M$6 * Bonus_Game3!O35 + M$7 * Bonus_Game4!O35 -> 3.7047892e-06 | S17: =O17*R17 -> 0.0018522139 | T17: =1/R17 -> 269920.89
A18: Bonus Game RTP: | B18: =G28 -> 0.2252839 | F18: Collect RTP: | G18: =BaseB!K1 -> 1.3769748 | H18: =BaseC!K1 -> 0.13827438 | J18: =Bonus_Game1!L36 -> Grand | K18: =100%/4 -> 0.25 | L18: 10 | M18: 5000 | N18: 10000 | O18: 10000 | P18: =Bonus_Game1!N36 -> 0.18 | Q18: 5 | R18: =M$4 * Bonus_Game1!O36 + M$5 * Bonus_Game2!O36 + M$6 * Bonus_Game3!O36 + M$7 * Bonus_Game4!O36 -> 6.0134176e-08 | S18: =O18*R18 -> 0.00060134176 | T18: =1/R18 -> 16629479
A19: Jackpot RTP: | B19: =S19 -> 0.013040893 | K19: =SUM(K15:K18) -> 1 | P19: =SUM(P15:P18) -> 1 | R19: =SUM(R15:R18) -> 0.00042829406 | S19: =SUM(S15:S18) -> 0.013040893 | T19: =1/R19 -> 2334.8444
B20: =SUM(B16:B19) -> 0.94436523
A23: Bonus Type | B23: Symbol hit per slot | C23: Ave no. of Symbol hits | D23: Chance | E23: Pulls/hit | F23: Ave Win | G23: EV | H23: Total Ave Win
A24: Bonus1 | B24: =Bonus_Game1!B4 -> 0.039 | C24: =Bonus_Game1!I71 -> 13.714566 | D24: =M4 -> 0.0019345391 | E24: =1/D24 -> 516.91898 | F24: =BaseB!N15 -> 28.718256 | G24: =D24 * F24 -> 0.055556591 | H24: =D24/D$28 * F24 -> 7.7796556
A25: Bonus2 | B25: =Bonus_Game2!B4 -> 0.039 | C25: =Bonus_Game2!I71 -> 13.63257 | D25: =M5 -> 0.0017989158 | E25: =1/D25 -> 555.8904 | F25: =BaseB!O15 -> 31.003711 | G25: =D25 * F25 -> 0.055773065 | H25: =D25/D$28 * F25 -> 7.8099686
A26: Bonus3 | B26: =Bonus_Game3!B4 -> 0.039 | C26: =Bonus_Game3!I71 -> 13.301109 | D26: =M6 -> 0.0017352203 | E26: =1/D26 -> 576.2957 | F26: =BaseB!P15 -> 32.782395 | G26: =D26 * F26 -> 0.056884678 | H26: =D26/D$28 * F26 -> 7.9656292
A27: Bonus4 | B27: =Bonus_Game4!B4 -> 0.039 | C27: =Bonus_Game4!I71 -> 18.261442 | D27: =M7 -> 0.0016725909 | E27: =1/D27 -> 597.87482 | F27: =BaseB!Q15 -> 34.120455 | G27: =D27 * F27 -> 0.057069563 | H27: =D27/D$28 * F27 -> 7.9915189
D28: =SUM(D24:D27) -> 0.0071412662 | E28: =1/D28 -> 140.03119 | G28: =SUM(G24:G27) -> 0.2252839 | H28: =SUM(H24:H27) -> 31.546772

Sheet BaseA
A1: BaseA | D1: RTP: | E1: =Q35 -> 0.48924808 | G1: Final RTP: | H1: =E1 + K1 -> 0.48924808
A2: Number of Symbol | H2: Chances | M2: Math Payout
A3: Pattern | B3: Reel1 | C3: Reel2 | D3: Reel3 | E3: Reel4 | F3: Reel5 | H3: Pattern | I3: 3Hit | J3: 4Hit | K3: 5Hit | M3: Pattern | N3: =I3 -> 3Hit | O3: =J3 -> 4Hit | P3: =K3 -> 5Hit
A4: H1 | B4: 7 | C4: 6 | D4: 7 | E4: 6 | F4: 7 | H4: =A4 -> H1 | I4: =(B25+B$34)/B$38 * (C25+C$34)/C$38 * (D25+D$34)/D$38 * (E$38-E25-E$34)/E$38 - (B$34)/B$38 * (C$34)/C$38 * (D$34)/D$38 * (E$38-E25-E$34)/E$38 -> 0.00078593421 | J4: =(B25+B$34)/B$38 * (C25+C$34)/C$38 * (D25+D$34)/D$38 * (E25+E$34)/E$38 * (F$38 - F25-F$34)/F$38 - (B$34)/B$38 * (C$34)/C$38 * (D$34)/D$38 * (E$34)/E$38 * (F$38 - F25-F$34)/F$38 -> 7.2192513e-05 | K4: =(B25+B$34)/B$38 * (C25+C$34)/C$38 * (D25+D$34)/D$38 * (E25+E$34)/E$38 * (F25+F$34)/F$38 - (B$34)/B$38 * (C$34)/C$38 * (D$34)/D$38 * (E$34)/E$38 * (F$34)/F$38 -> 8.0781073e-06 | M4: =H4 -> H1 | N4: 20 | O4: 80 | P4: 400
A5: H2 | B5: 8 | C5: 8 | D5: 8 | E5: 8 | F5: 8 | H5: =A5 -> H2 | I5: =(B26+B$34)/B$38 * (C26+C$34)/C$38 * (D26+D$34)/D$38 * (E$38-E26-E$34)/E$38 - (B$34)/B$38 * (C$34)/C$38 * (D$34)/D$38 * (E$38-E26-E$34)/E$38 -> 0.0011478621 | J5: =(B26+B$34)/B$38 * (C26+C$34)/C$38 * (D26+D$34)/D$38 * (E26+E$34)/E$38 * (F$38 - F26-F$34)/F$38 - (B$34)/B$38 * (C$34)/C$38 * (D$34)/D$38 * (E$34)/E$38 * (F$38 - F26-F$34)/F$38 -> 0.00012962263 | K5: =(B26+B$34)/B$38 * (C26+C$34)/C$38 * (D26+D$34)/D$38 * (E26+E$34)/E$38 * (F26+F$34)/F$38 - (B$34)/B$38 * (C$34)/C$38 * (D$34)/D$38 * (E$34)/E$38 * (F26 + F$34)/F$38 -> 1.6020774e-05 | M5: =H5 -> H2 | N5: 16 | O5: 60 | P5: 200
A6: H3 | B6: 9 | C6: 9 | D6: 10 | E6: 9 | F6: 9 | H6: =A6 -> H3 | I6: =(B27+B$34)/B$38 * (C27+C$34)/C$38 * (D27+D$34)/D$38 * (E$38-E27-E$34)/E$38 - (B$34)/B$38 * (C$34)/C$38 * (D$34)/D$38 * (E$38-E27-E$34)/E$38 -> 0.0016056285 | J6: =(B27+B$34)/B$38 * (C27+C$34)/C$38 * (D27+D$34)/D$38 * (E27+E$34)/E$38 * (F$38 - F27-F$34)/F$38 - (B$34)/B$38 * (C$34)/C$38 * (D$34)/D$38 * (E27 + E$34)/E$38 * (F$38 - F27-F$34)/F$38 -> 0.00019489008 | K6: =(B27+B$34)/B$38 * (C27+C$34)/C$38 * (D27+D$34)/D$38 * (E27+E$34)/E$38 * (F27+F$34)/F$38 - (B$34)/B$38 * (C$34)/C$38 * (D$34)/D$38 * (E$34)/E$38 * (F27 + F$34)/F$38 -> 2.6867607e-05 | M6: =H6 -> H3 | N6: 12 | O6: 40 | P6: 120
A7: H4 | B7: 11 | C7: 10 | D7: 11 | E7: 10 | F7: 11 | H7: =A7 -> H4 | I7: =(B28+B$34)/B$38 * (C28+C$34)/C$38 * (D28+D$34)/D$38 * (E$38-E28-E$34)/E$38 - (B$34)/B$38 * (C$34)/C$38 * (D$34)/D$38 * (E$38-E28-E$34)/E$38 -> 0.0021687063 | J7: =(B28+B$34)/B$38 * (C28+C$34)/C$38 * (D28+D$34)/D$38 * (E28+E$34)/E$38 * (F$38 - F28-F$34)/F$38 - (B$34)/B$38 * (C$34)/C$38 * (D$34)/D$38 * (E28 + E$34)/E$38 * (F$38 - F28-F$34)/F$38 -> 0.00028193182 | K7: =(B28+B$34)/B$38 * (C28+C$34)/C$38 * (D28+D$34)/D$38 * (E28+E$34)/E$38 * (F28+F$34)/F$38 - (B$34)/B$38 * (C$34)/C$38 * (D$34)/D$38 * (E$34)/E$38 * (F28 + F$34)/F$38 -> 4.627399e-05 | M7: =H7 -> H4 | N7: 8 | O7: 28 | P7: 80
A8: H5 | B8: 11 | C8: 11 | D8: 11 | E8: 11 | F8: 11 | H8: =A8 -> H5 | I8: =(B29+B$34)/B$38 * (C29+C$34)/C$38 * (D29+D$34)/D$38 * (E$38-E29-E$34)/E$38 - (B$34)/B$38 * (C$34)/C$38 * (D$34)/D$38 * (E$38-E29-E$34)/E$38 -> 0.0023101384 | J8: =(B29+B$34)/B$38 * (C29+C$34)/C$38 * (D29+D$34)/D$38 * (E29+E$34)/E$38 * (F$38 - F29-F$34)/F$38 - (B$34)/B$38 * (C$34)/C$38 * (D$34)/D$38 * (E29 + E$34)/E$38 * (F$38 - F29-F$34)/F$38 -> 0.00032722431 | K8: =(B29+B$34)/B$38 * (C29+C$34)/C$38 * (D29+D$34)/D$38 * (E29+E$34)/E$38 * (F29+F$34)/F$38 - (B$34)/B$38 * (C$34)/C$38 * (D$34)/D$38 * (E$34)/E$38 * (F29 + F$34)/F$38 -> 5.3684998e-05 | M8: =H8 -> H5 | N8: 8 | O8: 28 | P8: 80
A9: L1 | B9: 12 | C9: 12 | D9: 12 | E9: 12 | F9: 12 | H9: =A9 -> L1 | I9: =(B30+B$34)/B$38 * (C30+C$34)/C$38 * (D30+D$34)/D$38 * (E$38-E30-E$34)/E$38 - (B$34)/B$38 * (C$34)/C$38 * (D$34)/D$38 * (E$38-E30-E$34)/E$38 -> 0.0028131583 | J9: =(B30+B$34)/B$38 * (C30+C$34)/C$38 * (D30+D$34)/D$38 * (E30+E$34)/E$38 * (F$38 - F30-F$34)/F$38 - (B$34)/B$38 * (C$34)/C$38 * (D$34)/D$38 * (E30 + E$34)/E$38 * (F$38 - F30-F$34)/F$38 -> 0.00042699725 | K9: =(B30+B$34)/B$38 * (C30+C$34)/C$38 * (D30+D$34)/D$38 * (E30+E$34)/E$38 * (F30+F$34)/F$38 - (B$34)/B$38 * (C$34)/C$38 * (D$34)/D$38 * (E$34)/E$38 * (F30 + F$34)/F$38 -> 7.58386e-05 | M9: =H9 -> L1 | N9: 8 | O9: 16 | P9: 60
A10: L2 | B10: 12 | C10: 12 | D10: 12 | E10: 12 | F10: 12 | H10: =A10 -> L2 | I10: =(B31+B$34)/B$38 * (C31+C$34)/C$38 * (D31+D$34)/D$38 * (E$38-E31-E$34)/E$38 - (B$34)/B$38 * (C$34)/C$38 * (D$34)/D$38 * (E$38-E31-E$34)/E$38 -> 0.0028131583 | J10: =(B31+B$34)/B$38 * (C31+C$34)/C$38 * (D31+D$34)/D$38 * (E31+E$34)/E$38 * (F$38 - F31-F$34)/F$38 - (B$34)/B$38 * (C$34)/C$38 * (D$34)/D$38 * (E31 + E$34)/E$38 * (F$38 - F31-F$34)/F$38 -> 0.00042699725 | K10: =(B31+B$34)/B$38 * (C31+C$34)/C$38 * (D31+D$34)/D$38 * (E31+E$34)/E$38 * (F31+F$34)/F$38 - (B$34)/B$38 * (C$34)/C$38 * (D$34)/D$38 * (E$34)/E$38 * (F31 + F$34)/F$38 -> 7.58386e-05 | M10: =H10 -> L2 | N10: 8 | O10: 16 | P10: 60
A11: L3 | B11: 13 | C11: 14 | D11: 14 | E11: 14 | F11: 13 | H11: =A11 -> L3 | I11: =(B32+B$34)/B$38 * (C32+C$34)/C$38 * (D32+D$34)/D$38 * (E$38-E32-E$34)/E$38 - (B$34)/B$38 * (C$34)/C$38 * (D$34)/D$38 * (E$38-E32-E$34)/E$38 -> 0.0037706637 | J11: =(B32+B$34)/B$38 * (C32+C$34)/C$38 * (D32+D$34)/D$38 * (E32+E$34)/E$38 * (F$38 - F32-F$34)/F$38 - (B$34)/B$38 * (C$34)/C$38 * (D$34)/D$38 * (E32 + E$34)/E$38 * (F$38 - F32-F$34)/F$38 -> 0.00065664728 | K11: =(B32+B$34)/B$38 * (C32+C$34)/C$38 * (D32+D$34)/D$38 * (E32+E$34)/E$38 * (F32+F$34)/F$38 - (B$34)/B$38 * (C$34)/C$38 * (D$34)/D$38 * (E32+E$34)/E$38 * (F32 + F$34)/F$38 -> 0.00012507567 | M11: =H11 -> L3 | N11: 4 | O11: 12 | P11: 40
A12: L4 | B12: 14 | C12: 14 | D12: 14 | E12: 14 | F12: 14 | H12: =A12 -> L4 | I12: =(B33+B$34)/B$38 * (C33+C$34)/C$38 * (D33+D$34)/D$38 * (E$38-E33-E$34)/E$38 - (B$34)/B$38 * (C$34)/C$38 * (D$34)/D$38 * (E$38-E33-E$34)/E$38 -> 0.0040077143 | J12: =(B33+B$34)/B$38 * (C33+C$34)/C$38 * (D33+D$34)/D$38 * (E33+E$34)/E$38 * (F$38 - F33-F$34)/F$38 - (B$34)/B$38 * (C$34)/C$38 * (D$34)/D$38 * (E33 + E$34)/E$38 * (F$38 - F33-F$34)/F$38 -> 0.00068962011 | K12: =(B33+B$34)/B$38 * (C33+C$34)/C$38 * (D33+D$34)/D$38 * (E33+E$34)/E$38 * (F33+F$34)/F$38 - (B$34)/B$38 * (C$34)/C$38 * (D$34)/D$38 * (E33+E$34)/E$38 * (F33 + F$34)/F$38 -> 0.00014124749 | M12: =H12 -> L4 | N12: 4 | O12: 12 | P12: 40
A13: W | B13: 3 | C13: 3 | D13: 3 | E13: 3 | F13: 3 | H13: =A13 -> W | I13: =(B$34)/B$38 * (C$34)/C$38 * (D$34)/D$38 * (E$38 - E$34-E25-E26)/E$38 - (B$34)/B$38 * (C$34)/C$38 * (D$34)/D$38 * ( E27/E38 * (F27 + F34)/F38 + E28/E38 * (F28 + F34)/F38 + E29/E38 * (F29 + F34)/F38 + E30/E38 * (F30+F34)/F38 + E31/E38 * (F31+F34)/F38 ) -> 2.0088586e-05 | J13: =(B$34)/B$38 * (C$34)/C$38 * (D$34)/D$38 * (E$34)/E$38 * (F$38 - F$34-F25)/F$38 -> 7.2921731e-07 | K13: =(B$34)/B$38 * (C$34)/C$38 * (D$34)/D$38 * (E$34)/E$38 * (F$34)/F$38 -> 2.4307244e-08 | M13: =H13 -> W | N13: 40 | O13: 200 | P13: 1000
A14: rn1 | B14: 17 | C14: 17 | D14: 17 | E14: 16 | F14: 15
A16: QH | B16: 0 | C16: 0 | D16: 0 | E16: 0 | F16: 0
A17: Total | B17: =SUM(B4:B16) -> 117 | C17: =SUM(C4:C16) -> 116 | D17: =SUM(D4:D16) -> 119 | E17: =SUM(E4:E16) -> 115 | F17: =SUM(F4:F16) -> 115
H23: EV
H24: =H3 -> Pattern | I24: =I3 -> 3Hit | J24: =J3 -> 4Hit | K24: =K3 -> 5Hit | L24: Total | N24: Random Symbols | O24: Chance | P24: RTP | Q24: EV
A25: =A4 -> H1 | B25: =B4 + B51 -> 7 | C25: =C4 + C51 -> 6 | D25: =D4 + D51 -> 7 | E25: =E4 + E51 -> 6 | F25: =F4 + F51 -> 7 | H25: =A4 -> H1 | I25: =I4 * N4 -> 0.015718684 | J25: =J4 * O4 -> 0.0057754011 | K25: =K4 * P4 -> 0.0032312429 | L25: =SUM(I25:K25) -> 0.024725328 | N25: =H25 -> H1 | O25: 0.07 | P25: 0.71154416 | Q25: =O25 * P25 -> 0.049808091 | S25: =SUM(O$25:O25) * 100 -> 7
A26: =A5 -> H2 | B26: =B5 + B52 -> 8 | C26: =C5 + C52 -> 8 | D26: =D5 + D52 -> 8 | E26: =E5 + E52 -> 8 | F26: =F5 + F52 -> 8 | H26: =A5 -> H2 | I26: =I5 * N5 -> 0.018365793 | J26: =J5 * O5 -> 0.0077773577 | K26: =K5 * P5 -> 0.0032041548 | L26: =SUM(I26:K26) -> 0.029347305 | N26: =H26 -> H2 | O26: 0.08 | P26: 0.60242233 | Q26: =O26 * P26 -> 0.048193786 | S26: =SUM(O$25:O26) * 100 -> 15
A27: =A6 -> H3 | B27: =B6 + B53 -> 9 | C27: =C6 + C53 -> 9 | D27: =D6 + D53 -> 10 | E27: =E6 + E53 -> 9 | F27: =F6 + F53 -> 9 | H27: =A6 -> H3 | I27: =I6 * N6 -> 0.019267542 | J27: =J6 * O6 -> 0.0077956031 | K27: =K6 * P6 -> 0.0032241128 | L27: =SUM(I27:K27) -> 0.030287258 | N27: =H27 -> H3 | O27: 0.1 | P27: 0.50832918 | Q27: =O27 * P27 -> 0.050832918 | S27: =SUM(O$25:O27) * 100 -> 25
A28: =A7 -> H4 | B28: =B7 + B54 -> 11 | C28: =C7 + C54 -> 10 | D28: =D7 + D54 -> 11 | E28: =E7 + E54 -> 10 | F28: =F7 + F54 -> 11 | H28: =A7 -> H4 | I28: =I7 * N7 -> 0.01734965 | J28: =J7 * O7 -> 0.0078940908 | K28: =K7 * P7 -> 0.0037019192 | L28: =SUM(I28:K28) -> 0.02894566 | N28: =H28 -> H4 | O28: 0.11 | P28: 0.43579211 | Q28: =O28 * P28 -> 0.047937133 | S28: =SUM(O$25:O28) * 100 -> 36
A29: =A8 -> H5 | B29: =B8 + B55 -> 11 | C29: =C8 + C55 -> 11 | D29: =D8 + D55 -> 11 | E29: =E8 + E55 -> 11 | F29: =F8 + F55 -> 11 | H29: =A8 -> H5 | I29: =I8 * N8 -> 0.018481107 | J29: =J8 * O8 -> 0.0091622808 | K29: =K8 * P8 -> 0.0042947999 | L29: =SUM(I29:K29) -> 0.031938188 | N29: =H29 -> H5 | O29: 0.11 | P29: 0.44911079 | Q29: =O29 * P29 -> 0.049402187 | S29: =SUM(O$25:O29) * 100 -> 47
A30: =A9 -> L1 | B30: =B9 + B56 -> 12 | C30: =C9 + C56 -> 12 | D30: =D9 + D56 -> 12 | E30: =E9 + E56 -> 12 | F30: =F9 + F56 -> 12 | H30: =A9 -> L1 | I30: =I9 * N9 -> 0.022505267 | J30: =J9 * O9 -> 0.0068319559 | K30: =K9 * P9 -> 0.004550316 | L30: =SUM(I30:K30) -> 0.033887538 | N30: =H30 -> L1 | O30: 0.12 | P30: 0.40964367 | Q30: =O30 * P30 -> 0.049157241 | S30: =SUM(O$25:O30) * 100 -> 59
A31: =A10 -> L2 | B31: =B10 + B57 -> 12 | C31: =C10 + C57 -> 12 | D31: =D10 + D57 -> 12 | E31: =E10 + E57 -> 12 | F31: =F10 + F57 -> 12 | H31: =A10 -> L2 | I31: =I10 * N10 -> 0.022505267 | J31: =J10 * O10 -> 0.0068319559 | K31: =K10 * P10 -> 0.004550316 | L31: =SUM(I31:K31) -> 0.033887538 | N31: =H31 -> L2 | O31: 0.12 | P31: 0.40964367 | Q31: =O31 * P31 -> 0.049157241 | S31: =SUM(O$25:O31) * 100 -> 71
A32: =A11 -> L3 | B32: =B11 + B58 -> 13 | C32: =C11 + C58 -> 14 | D32: =D11 + D58 -> 14 | E32: =E11 + E58 -> 14 | F32: =F11 + F58 -> 13 | H32: =A11 -> L3 | I32: =I11 * N11 -> 0.015082655 | J32: =J11 * O11 -> 0.0078797674 | K32: =K11 * P11 -> 0.0050030269 | L32: =SUM(I32:K32) -> 0.027965449 | N32: =H32 -> L3 | O32: 0.14 | P32: 0.34463585 | Q32: =O32 * P32 -> 0.048249019 | S32: =SUM(O$25:O32) * 100 -> 85
A33: =A12 -> L4 | B33: =B12 + B59 -> 14 | C33: =C12 + C59 -> 14 | D33: =D12 + D59 -> 14 | E33: =E12 + E59 -> 14 | F33: =F12 + F59 -> 14 | H33: =A12 -> L4 | I33: =I12 * N12 -> 0.016030857 | J33: =J12 * O12 -> 0.0082754413 | K33: =K12 * P12 -> 0.0056498997 | L33: =SUM(I33:K33) -> 0.029956198 | N33: =H33 -> L4 | O33: 0.13 | P33: 0.35125209 | Q33: =O33 * P33 -> 0.045662772 | S33: =SUM(O$25:O33) * 100 -> 98
A34: =A13 -> W | B34: =B13 + B60 -> 3 | C34: =C13 + C60 -> 3 | D34: =D13 + D60 -> 3 | E34: =E13 + E60 -> 3 | F34: =F13 + F60 -> 3 | H34: =A13 -> W | I34: =I13 * N13 -> 0.00080354346 | J34: =J13 * O13 -> 0.00014584346 | K34: =K13 * P13 -> 2.4307244e-05 | L34: =SUM(I34:K34) -> 0.00097369416 | N34: =H34 -> W | O34: 0.02 | P34: 2.5423849 | Q34: =O34 * P34 -> 0.050847698 | S34: =SUM(O$25:O34) * 100 -> 100
O35: =SUM(O25:O34) -> 1 | Q35: =SUM(Q25:Q34) -> 0.48924808
A37: =A16 -> QH | B37: =B16 -> 0 | C37: =C16 -> 0 | D37: =D16 -> 0 | E37: =E16 -> 0 | F37: =F16 -> 0
B38: =SUM(B25:B37) -> 100 | C38: =SUM(C25:C37) -> 99 | D38: =SUM(D25:D37) -> 102 | E38: =SUM(E25:E37) -> 99 | F38: =SUM(F25:F37) -> 100
I39: =SUM(I25:I38) -> 0.16611036 | J39: =SUM(J25:J38) -> 0.068369697 | K39: =SUM(K25:K38) -> 0.037434095 | L39: =SUM(L25:L38) -> 0.27191416
A51: =A25 -> H1
A52: =A26 -> H2
A53: =A27 -> H3
A54: =A28 -> H4
A55: =A29 -> H5
A56: =A30 -> L1
A57: =A31 -> L2
A58: =A32 -> L3
A59: =A33 -> L4
A60: =A34 -> W

Sheet BaseA_Structure
A1: "H5", | B1: "L3", | C1: "L3", | D1: "H5", | E1: "L1",
A2: "H5", | B2: "L3", | C2: "L3", | D2: "H5", | E2: "L1",
A3: "H5", | B3: "L3", | C3: "L3", | D3: "H5", | E3: "L3",
A4: "L3", | B4: "H4", | C4: "H2", | D4: "L1", | E4: "L3",
A5: "L3", | B5: "H4", | C5: "H2", | D5: "L1", | E5: "L3",
A6: "H4", | B6: "H4", | C6: "H4", | D6: "W", | E6: "H4",
A7: "H4", | B7: "H5", | C7: "H4", | D7: "L3", | E7: "H4", | G7: rn1,
A8: "W", | B8: "H5", | C8: "L2", | D8: "L3", | E8: "W",
A9: "L2", | B9: "H5", | C9: "L2", | D9: "L3", | E9: "H2",
A10: "L2", | B10: "L2", | C10: "W", | D10: "H4", | E10: "H2", | G10: "W",
A11: "H3", | B11: "L2", | C11: "H3", | D11: "H4", | E11: "H5",
A12: "H3", | B12: "H3", | C12: "H3", | D12: "H4", | E12: "H5",
A13: "L1", | B13: "H3", | C13: "H2", | D13: rn1, | E13: rn1,
A14: "L1", | B14: "H2", | C14: "H2", | D14: rn1, | E14: rn1,
A15: "H2", | B15: "H2", | C15: "H4", | D15: rn1, | E15: rn1,
A16: "H2", | B16: "H4", | C16: "H4", | D16: rn1, | E16: rn1,
A17: "H4", | B17: "H4", | C17: "H5", | D17: rn1, | E17: rn1,
A18: "H4", | B18: "L3", | C18: "H5", | D18: rn1, | E18: rn1,
A19: "H2", | B19: "L3", | C19: "H5", | D19: rn1, | E19: rn1,
A20: "H2", | B20: "H2", | C20: "L3", | D20: rn1, | E20: rn1,
A21: "H1", | B21: "H2", | C21: "L3", | D21: rn1, | E21: rn1,
A22: "H1", | B22: "W", | C22: "W", | D22: "L2", | E22: "H5",
... A115: "H2", | B115: "L3", | C115: "H5", | D115: "H1", | E115: "H1",
A116: "H2", | B116: "H1", | C116: "H5",
A117: "H1", | C117: "L3",
C118: "L3",
C119: "H1",

Sheet BaseB
A1: BaseB | D1: RTP: | E1: =L39 -> 0.064226549 | G1: Final RTP: | H1: =E1 + K1 + N1 -> 2.2487377 | J1: QH RTP: | K1: =B20 * F20 + B21 * F21 -> 1.3769748 | M1: Bonus RTP: | N1: =I15 * N15 + J15 * O15 + K15 * P15 + L15 * Q15 -> 0.80753633
A2: Number of Symbol | H2: Chances | M2: Math Payout
A3: Pattern | B3: Reel1 | C3: Reel2 | D3: Reel3 | E3: Reel4 | F3: Reel5 | H3: Pattern | I3: 3Hit | J3: 4Hit | K3: 5Hit | M3: Pattern | N3: =I3 -> 3Hit | O3: =J3 -> 4Hit | P3: =K3 -> 5Hit
A4: H1 | B4: 3 | C4: 3 | D4: 3 | E4: 3 | F4: 3 | H4: =A4 -> H1 | I4: =(B4+B$13)/B$17 * (C4+C$13)/C$17 * (D4+D$13)/D$17 * (E$17-E4-E$13)/E$17 - (B$13)/B$17 * (C$13)/C$17 * (D$13)/D$17 * (E$17-E4-E$13)/E$17 -> 6.2246274e-05 | J4: =(B4+B$13)/B$17 * (C4+C$13)/C$17 * (D4+D$13)/D$17 * (E4+E$13)/E$17 * (F$17 - F4-F$13)/F$17 - (B$13)/B$17 * (C$13)/C$17 * (D$13)/D$17 * (E$13)/E$17 * (F$17 - F4-F$13)/F$17 -> 2.5263036e-06 | K4: =(B4+B$13)/B$17 * (C4+C$13)/C$17 * (D4+D$13)/D$17 * (E4+E$13)/E$17 * (F4+F$13)/F$17 - (B$13)/B$17 * (C$13)/C$17 * (D$13)/D$17 * (E$13)/E$17 * (F$13)/F$17 -> 1.0382069e-07 | M4: =H4 -> H1 | N4: =BaseA!N4 -> 20 | O4: =BaseA!O4 -> 80 | P4: =BaseA!P4 -> 400
A5: H2 | B5: 4 | C5: 4 | D5: 4 | E5: 4 | F5: 4 | H5: =A5 -> H2 | I5: =(B5+B$13)/B$17 * (C5+C$13)/C$17 * (D5+D$13)/D$17 * (E$17-E5-E$13)/E$17 - (B$13)/B$17 * (C$13)/C$17 * (D$13)/D$17 * (E$17-E5-E$13)/E$17 -> 0.0001454686 | J5: =(B5+B$13)/B$17 * (C5+C$13)/C$17 * (D5+D$13)/D$17 * (E5+E$13)/E$17 * (F$17 - F5-F$13)/F$17 - (B$13)/B$17 * (C$13)/C$17 * (D$13)/D$17 * (E$13)/E$17 * (F$17 - F5-F$13)/F$17 -> 7.8749919e-06 | K5: =(B5+B$13)/B$17 * (C5+C$13)/C$17 * (D5+D$13)/D$17 * (E5+E$13)/E$17 * (F5+F$13)/F$17 - (B$13)/B$17 * (C$13)/C$17 * (D$13)/D$17 * (E$13)/E$17 * (F5 + F$13)/F$17 -> 4.3749955e-07 | M5: =H5 -> H2 | N5: =BaseA!N5 -> 16 | O5: =BaseA!O5 -> 60 | P5: =BaseA!P5 -> 200
A6: H3 | B6: 5 | C6: 5 | D6: 5 | E6: 5 | F6: 5 | H6: =A6 -> H3 | I6: =(B6+B$13)/B$17 * (C6+C$13)/C$17 * (D6+D$13)/D$17 * (E$17-E6-E$13)/E$17 - (B$13)/B$17 * (C$13)/C$17 * (D$13)/D$17 * (E$17-E6-E$13)/E$17 -> 0.00028005953 | J6: =(B6+B$13)/B$17 * (C6+C$13)/C$17 * (D6+D$13)/D$17 * (E6+E$13)/E$17 * (F$17 - F6-F$13)/F$17 - (B$13)/B$17 * (C$13)/C$17 * (D$13)/D$17 * (E6 + E$13)/E$17 * (F$17 - F6-F$13)/F$17 -> 1.8959026e-05 | K6: =(B6+B$13)/B$17 * (C6+C$13)/C$17 * (D6+D$13)/D$17 * (E6+E$13)/E$17 * (F6+F$13)/F$17 - (B$13)/B$17 * (C$13)/C$17 * (D$13)/D$17 * (E$13)/E$17 * (F6 + F$13)/F$17 -> 1.3351427e-06 | M6: =H6 -> H3 | N6: =BaseA!N6 -> 12 | O6: =BaseA!O6 -> 40 | P6: =BaseA!P6 -> 120
A7: H4 | B7: 6 | C7: 6 | D7: 6 | E7: 6 | F7: 6 | H7: =A7 -> H4 | I7: =(B7+B$13)/B$17 * (C7+C$13)/C$17 * (D7+D$13)/D$17 * (E$17-E7-E$13)/E$17 - (B$13)/B$17 * (C$13)/C$17 * (D$13)/D$17 * (E$17-E7-E$13)/E$17 -> 0.0004769292 | J7: =(B7+B$13)/B$17 * (C7+C$13)/C$17 * (D7+D$13)/D$17 * (E7+E$13)/E$17 * (F$17 - F7-F$13)/F$17 - (B$13)/B$17 * (C$13)/C$17 * (D$13)/D$17 * (E7 + E$13)/E$17 * (F$17 - F7-F$13)/F$17 -> 3.8759726e-05 | K7: =(B7+B$13)/B$17 * (C7+C$13)/C$17 * (D7+D$13)/D$17 * (E7+E$13)/E$17 * (F7+F$13)/F$17 - (B$13)/B$17 * (C$13)/C$17 * (D$13)/D$17 * (E$13)/E$17 * (F7 + F$13)/F$17 -> 3.3222622e-06 | M7: =H7 -> H4 | N7: =BaseA!N7 -> 8 | O7: =BaseA!O7 -> 28 | P7: =BaseA!P7 -> 80
A8: H5 | B8: 7 | C8: 7 | D8: 7 | E8: 7 | F8: 7 | H8: =A8 -> H5 | I8: =(B8+B$13)/B$17 * (C8+C$13)/C$17 * (D8+D$13)/D$17 * (E$17-E8-E$13)/E$17 - (B$13)/B$17 * (C$13)/C$17 * (D$13)/D$17 * (E$17-E8-E$13)/E$17 -> 0.00074620846 | J8: =(B8+B$13)/B$17 * (C8+C$13)/C$17 * (D8+D$13)/D$17 * (E8+E$13)/E$17 * (F$17 - F8-F$13)/F$17 - (B$13)/B$17 * (C$13)/C$17 * (D$13)/D$17 * (E8 + E$13)/E$17 * (F$17 - F8-F$13)/F$17 -> 7.0781361e-05 | K8: =(B8+B$13)/B$17 * (C8+C$13)/C$17 * (D8+D$13)/D$17 * (E8+E$13)/E$17 * (F8+F$13)/F$17 - (B$13)/B$17 * (C$13)/C$17 * (D$13)/D$17 * (E$13)/E$17 * (F8 + F$13)/F$17 -> 7.1807177e-06 | M8: =H8 -> H5 | N8: =BaseA!N8 -> 8 | O8: =BaseA!O8 -> 28 | P8: =BaseA!P8 -> 80
A9: L1 | B9: 8 | C9: 8 | D9: 8 | E9: 8 | F9: 8 | H9: =A9 -> L1 | I9: =(B9+B$13)/B$17 * (C9+C$13)/C$17 * (D9+D$13)/D$17 * (E$17-E9-E$13)/E$17 - (B$13)/B$17 * (C$13)/C$17 * (D$13)/D$17 * (E$17-E9-E$13)/E$17 -> 0.0010972489 | J9: =(B9+B$13)/B$17 * (C9+C$13)/C$17 * (D9+D$13)/D$17 * (E9+E$13)/E$17 * (F$17 - F9-F$13)/F$17 - (B$13)/B$17 * (C$13)/C$17 * (D$13)/D$17 * (E9 + E$13)/E$17 * (F$17 - F9-F$13)/F$17 -> 0.00011899988 | K9: =(B9+B$13)/B$17 * (C9+C$13)/C$17 * (D9+D$13)/D$17 * (E9+E$13)/E$17 * (F9+F$13)/F$17 - (B$13)/B$17 * (C$13)/C$17 * (D$13)/D$17 * (E$13)/E$17 * (F9 + F$13)/F$17 -> 1.3999986e-05 | M9: =H9 -> L1 | N9: =BaseA!N9 -> 8 | O9: =BaseA!O9 -> 16 | P9: =BaseA!P9 -> 60
A10: L2 | B10: 8 | C10: 8 | D10: 8 | E10: 8 | F10: 8 | H10: =A10 -> L2 | I10: =(B10+B$13)/B$17 * (C10+C$13)/C$17 * (D10+D$13)/D$17 * (E$17-E10-E$13)/E$17 - (B$13)/B$17 * (C$13)/C$17 * (D$13)/D$17 * (E$17-E10-E$13)/E$17 -> 0.0010972489 | J10: =(B10+B$13)/B$17 * (C10+C$13)/C$17 * (D10+D$13)/D$17 * (E10+E$13)/E$17 * (F$17 - F10-F$13)/F$17 - (B$13)/B$17 * (C$13)/C$17 * (D$13)/D$17 * (E10 + E$13)/E$17 * (F$17 - F10-F$13)/F$17 -> 0.00011899988 | K10: =(B10+B$13)/B$17 * (C10+C$13)/C$17 * (D10+D$13)/D$17 * (E10+E$13)/E$17 * (F10+F$13)/F$17 - (B$13)/B$17 * (C$13)/C$17 * (D$13)/D$17 * (E$13)/E$17 * (F10 + F$13)/F$17 -> 1.3999986e-05 | M10: =H10 -> L2 | N10: =BaseA!N10 -> 8 | O10: =BaseA!O10 -> 16 | P10: =BaseA!P10 -> 60
A11: L3 | B11: 9 | C11: 9 | D11: 9 | E11: 9 | F11: 9 | H11: =A11 -> L3 | I11: =(B11+B$13)/B$17 * (C11+C$13)/C$17 * (D11+D$13)/D$17 * (E$17-E11-E$13)/E$17 - (B$13)/B$17 * (C$13)/C$17 * (D$13)/D$17 * (E$17-E11-E$13)/E$17 -> 0.0015386227 | J11: =(B11+B$13)/B$17 * (C11+C$13)/C$17 * (D11+D$13)/D$17 * (E11+E$13)/E$17 * (F$17 - F11-F$13)/F$17 - (B$13)/B$17 * (C$13)/C$17 * (D$13)/D$17 * (E11 + E$13)/E$17 * (F$17 - F11-F$13)/F$17 -> 0.00018781164 | K11: =(B11+B$13)/B$17 * (C11+C$13)/C$17 * (D11+D$13)/D$17 * (E11+E$13)/E$17 * (F11+F$13)/F$17 - (B$13)/B$17 * (C$13)/C$17 * (D$13)/D$17 * (E11+E$13)/E$17 * (F11 + F$13)/F$17 -> 2.5228429e-05 | M11: =H11 -> L3 | N11: =BaseA!N11 -> 4 | O11: =BaseA!O11 -> 12 | P11: =BaseA!P11 -> 40
A12: L4 | B12: 9 | C12: 9 | D12: 9 | E12: 9 | F12: 9 | H12: =A12 -> L4 | I12: =(B12+B$13)/B$17 * (C12+C$13)/C$17 * (D12+D$13)/D$17 * (E$17-E12-E$13)/E$17 - (B$13)/B$17 * (C$13)/C$17 * (D$13)/D$17 * (E$17-E12-E$13)/E$17 -> 0.0015386227 | J12: =(B12+B$13)/B$17 * (C12+C$13)/C$17 * (D12+D$13)/D$17 * (E12+E$13)/E$17 * (F$17 - F12-F$13)/F$17 - (B$13)/B$17 * (C$13)/C$17 * (D$13)/D$17 * (E12 + E$13)/E$17 * (F$17 - F12-F$13)/F$17 -> 0.00018781164 | K12: =(B12+B$13)/B$17 * (C12+C$13)/C$17 * (D12+D$13)/D$17 * (E12+E$13)/E$17 * (F12+F$13)/F$17 - (B$13)/B$17 * (C$13)/C$17 * (D$13)/D$17 * (E12+E$13)/E$17 * (F12 + F$13)/F$17 -> 2.5228429e-05 | M12: =H12 -> L4 | N12: =BaseA!N12 -> 4 | O12: =BaseA!O12 -> 12 | P12: =BaseA!P12 -> 40
A13: W | B13: 0 | C13: 0 | D13: 0 | E13: 0 | F13: 0 | H13: =A13 -> W | I13: =(B$13)/B$17 * (C$13)/C$17 * (D$13)/D$17 * (E$17 - E$13-E4-E5)/E$17 - (B$13)/B$17 * (C$13)/C$17 * (D$13)/D$17 * ( E6/E17 * (F6 + F13)/F17 + E7/E17 * (F7 + F13)/F17 + E8/E17 * (F8 + F13)/F17 + E9/E17 * (F9+F13)/F17 + E10/E17 * (F10+F13)/F17 ) -> 0 | J13: =(B$13)/B$17 * (C$13)/C$17 * (D$13)/D$17 * (E$13)/E$17 * (F$17 - F$13-F4)/F$17 -> 0 | K13: =(B$13)/B$17 * (C$13)/C$17 * (D$13)/D$17 * (E$13)/E$17 * (F$13)/F$17 -> 0 | M13: =H13 -> W | N13: =BaseA!N13 -> 40 | O13: =BaseA!O13 -> 200 | P13: =BaseA!P13 -> 1000
A15: C | B15: 2 | C15: 0 | D15: 0 | E15: 0 | F15: 2 | H15: Bonus Game: | I15: =P68 -> 0.0069346635 | J15: =P69 -> 0.0064483374 | K15: =P70 -> 0.0062198699 | L15: =P71 -> 0.0059952386 | M15: =H15 -> Bonus Game: | N15: =Bonus_Game1!B22 -> 28.718256 | O15: =Bonus_Game2!B22 -> 31.003711 | P15: =Bonus_Game3!B22 -> 32.782395 | Q15: =Bonus_Game4!B22 -> 34.120455
A16: QH | B16: =B56 * 3 + B57 * 2 + B58 * 1 -> 15 | C16: =C56 * 3 + C57 * 2 + C58 * 1 -> 15 | D16: =D56 * 3 + D57 * 2 + D58 * 1 -> 15 | E16: =E56 * 3 + E57 * 2 + E58 * 1 -> 15 | F16: =F56 * 3 + F57 * 2 + F58 * 1 -> 15
A17: Total | B17: =SUM(B4:B16) -> 76 | C17: =SUM(C4:C16) -> 74 | D17: =SUM(D4:D16) -> 74 | E17: =SUM(E4:E16) -> 74 | F17: =SUM(F4:F16) -> 76
A20: Chance of Collect(Collect on Reel1): | B20: =B15 * 4 / B17 -> 0.10526316 | C20: or 1 in | D20: =1/B20 -> 9.5 | E20: QH Ave Win(Collect on Reel1): | F20: =SUM(C27:F27) -> 6.5406305
A21: Chance of Collect(Collect on Reel5): | B21: =F15/F17 * 4 -> 0.10526316 | C21: or 1 in | D21: =1/B21 -> 9.5 | E21: QH Ave Win(Collect on Reel5): | F21: =SUM(B27:E27) -> 6.5406305
H23: EV
B24: =B3 -> Reel1 | C24: =C3 -> Reel2 | D24: =D3 -> Reel3 | E24: =E3 -> Reel4 | F24: =F3 -> Reel5 | H24: =H3 -> Pattern | I24: =I3 -> 3Hit | J24: =J3 -> 4Hit | K24: =K3 -> 5Hit | L24: Total | N24: QH Multiplier/Symbol | O24: Chance | P24: EV
A25: Chance: | B25: =B16/B17 * 4 -> 0.78947368 | C25: =C16/C17 * 4 -> 0.81081081 | D25: =D16/D17 * 4 -> 0.81081081 | E25: =E16/E17 * 4 -> 0.81081081 | F25: =F16/F17 * 4 -> 0.78947368 | H25: =A4 -> H1 | I25: =I4 * N4 -> 0.0012449255 | J25: =J4 * O4 -> 0.00020210429 | K25: =K4 * P4 -> 4.1528278e-05 | L25: =SUM(I25:K25) -> 0.001488558 | N25: 0.5 | O25: =1-SUM(O26:O45) -> 0.2781 | P25: =N25 * O25 -> 0.13905 | R25: =SUM(O$25:O25) * 10000 -> 2781
A26: Ave Win: | B26: =$P46 -> 2.03005 | C26: =$P46 -> 2.03005 | D26: =$P46 -> 2.03005 | E26: =$P46 -> 2.03005 | F26: =$P46 -> 2.03005 | H26: =A5 -> H2 | I26: =I5 * N5 -> 0.0023274976 | J26: =J5 * O5 -> 0.00047249952 | K26: =K5 * P5 -> 8.749991e-05 | L26: =SUM(I26:K26) -> 0.002887497 | N26: 1 | O26: 0.27 | P26: =N26 * O26 -> 0.27 | R26: =SUM(O$25:O26) * 10000 -> 5481
A27: EV | B27: =B25 * B26 -> 1.6026711 | C27: =C25 * C26 -> 1.6459865 | D27: =D25 * D26 -> 1.6459865 | E27: =E25 * E26 -> 1.6459865 | F27: =F25 * F26 -> 1.6026711 | H27: =A6 -> H3 | I27: =I6 * N6 -> 0.0033607143 | J27: =J6 * O6 -> 0.00075836104 | K27: =K6 * P6 -> 0.00016021712 | L27: =SUM(I27:K27) -> 0.0042792925 | N27: 1.5 | O27: 0.12 | P27: =N27 * O27 -> 0.18 | R27: =SUM(O$25:O27) * 10000 -> 6681
H28: =A7 -> H4 | I28: =I7 * N7 -> 0.0038154336 | J28: =J7 * O7 -> 0.0010852723 | K28: =K7 * P7 -> 0.00026578098 | L28: =SUM(I28:K28) -> 0.0051664869 | N28: 2 | O28: 0.09 | P28: =N28 * O28 -> 0.18 | R28: =SUM(O$25:O28) * 10000 -> 7581
H29: =A8 -> H5 | I29: =I8 * N8 -> 0.0059696677 | J29: =J8 * O8 -> 0.0019818781 | K29: =K8 * P8 -> 0.00057445742 | L29: =SUM(I29:K29) -> 0.0085260032 | N29: 2.5 | O29: 0.06 | P29: =N29 * O29 -> 0.15 | R29: =SUM(O$25:O29) * 10000 -> 8181
H30: =A9 -> L1 | I30: =I9 * N9 -> 0.008777991 | J30: =J9 * O9 -> 0.0019039981 | K30: =K9 * P9 -> 0.00083999914 | L30: =SUM(I30:K30) -> 0.011521988 | N30: 3 | O30: 0.04 | P30: =N30 * O30 -> 0.12 | R30: =SUM(O$25:O30) * 10000 -> 8581
A31: QH Chance | B31: =B3 -> Reel1 | C31: =C3 -> Reel2 | D31: =D3 -> Reel3 | E31: =E3 -> Reel4 | F31: =F3 -> Reel5 | H31: =A10 -> L2 | I31: =I10 * N10 -> 0.008777991 | J31: =J10 * O10 -> 0.0019039981 | K31: =K10 * P10 -> 0.00083999914 | L31: =SUM(I31:K31) -> 0.011521988 | N31: 3.5 | O31: 0.03 | P31: =N31 * O31 -> 0.105 | R31: =SUM(O$25:O31) * 10000 -> 8881
A32: Hit: | B32: =SUM(B62:B64) -> 0.51315789 | C32: =SUM(C62:C64) -> 0.52702703 | D32: =SUM(D62:D64) -> 0.52702703 | E32: =SUM(E62:E64) -> 0.52702703 | F32: =SUM(F62:F64) -> 0.51315789 | H32: =A11 -> L3 | I32: =I11 * N11 -> 0.0061544908 | J32: =J11 * O11 -> 0.0022537396 | K32: =K11 * P11 -> 0.0010091372 | L32: =SUM(I32:K32) -> 0.0094173676 | N32: 4 | O32: 0.025 | P32: =N32 * O32 -> 0.1 | R32: =SUM(O$25:O32) * 10000 -> 9131
A33: No Hit: | B33: =B65 -> 0.48684211 | C33: =C65 -> 0.47297297 | D33: =D65 -> 0.47297297 | E33: =E65 -> 0.47297297 | F33: =F65 -> 0.48684211 | H33: =A12 -> L4 | I33: =I12 * N12 -> 0.0061544908 | J33: =J12 * O12 -> 0.0022537396 | K33: =K12 * P12 -> 0.0010091372 | L33: =SUM(I33:K33) -> 0.0094173676 | N33: 5 | O33: 0.02 | P33: =N33 * O33 -> 0.1 | R33: =SUM(O$25:O33) * 10000 -> 9331
H34: =A13 -> W | I34: =I13 * N13 -> 0 | J34: =J13 * O13 -> 0 | K34: =K13 * P13 -> 0 | L34: =SUM(I34:K34) -> 0 | N34: 6 | O34: 0.015 | P34: =N34 * O34 -> 0.09 | R34: =SUM(O$25:O34) * 10000 -> 9481
A35: QH on Reel1 to 4 | D35: QH on Reel2 to 5 | N35: 7 | O35: 0.012 | P35: =N35 * O35 -> 0.084 | R35: =SUM(O$25:O35) * 10000 -> 9601
A36: Chance of no QH: | B36: =B33 * C33 * D33 * E33 -> 0.051510659 | D36: Chance of no QH: | E36: =C33 * D33 * E33 * F33 -> 0.051510659 | N36: 8 | O36: 0.01 | P36: =N36 * O36 -> 0.08 | R36: =SUM(O$25:O36) * 10000 -> 9701
A37: Chance of QH: | B37: =1-B36 -> 0.94848934 | D37: Chance of QH: | E37: =1-E36 -> 0.94848934 | N37: 9 | O37: 0.008 | P37: =N37 * O37 -> 0.072 | R37: =SUM(O$25:O37) * 10000 -> 9781
A38: Chance of Collect: | B38: =B21 -> 0.10526316 | D38: Chance of Collect: | E38: =B20 -> 0.10526316 | N38: 10 | O38: 0.006 | P38: =N38 * O38 -> 0.06 | R38: =SUM(O$25:O38) * 10000 -> 9841
I39: =SUM(I25:I38) -> 0.046583202 | J39: =SUM(J25:J38) -> 0.012815591 | K39: =SUM(K25:K38) -> 0.0048277563 | L39: =SUM(L25:L38) -> 0.064226549 | N39: 12 | O39: 0.005 | P39: =N39 * O39 -> 0.06 | R39: =SUM(O$25:O39) * 10000 -> 9891
A40: Chance of a Win: | B40: =B37 * B38 -> 0.099840983 | D40: Chance of a Win: | E40: =E37 * E38 -> 0.099840983 | N40: 15 | O40: 0.004 | P40: =N40 * O40 -> 0.06 | R40: =SUM(O$25:O40) * 10000 -> 9931
N41: 20 | O41: 0.003 | P41: =N41 * O41 -> 0.06 | R41: =SUM(O$25:O41) * 10000 -> 9961
N42: 25 | O42: 0.002 | P42: =N42 * O42 -> 0.05 | R42: =SUM(O$25:O42) * 10000 -> 9981
N43: 30 | O43: 0.001 | P43: =N43 * O43 -> 0.03 | R43: =SUM(O$25:O43) * 10000 -> 9991
N44: 40 | O44: 0.0005 | P44: =N44 * O44 -> 0.02 | R44: =SUM(O$25:O44) * 10000 -> 9996
N45: 50 | O45: 0.0004 | P45: =N45 * O45 -> 0.02 | R45: =SUM(O$25:O45) * 10000 -> 10000
O46: =SUM(O25:O45) -> 1 | P46: =SUM(P25:P45) -> 2.03005
A55: QH Stacked | B55: =B3 -> Reel1 | C55: =C3 -> Reel2 | D55: =D3 -> Reel3 | E55: =E3 -> Reel4 | F55: =F3 -> Reel5
A56: 3's | B56: 2 | C56: 2 | D56: 2 | E56: 2 | F56: 2
A57: 2's | B57: 3 | C57: 3 | D57: 3 | E57: 3 | F57: 3
A58: 1's | B58: 3 | C58: 3 | D58: 3 | E58: 3 | F58: 3
A61: Chance | B61: =B55 -> Reel1 | C61: =C55 -> Reel2 | D61: =D55 -> Reel3 | E61: =E55 -> Reel4 | F61: =F55 -> Reel5
A62: 3 | B62: =B56 * 2 /B17 -> 0.052631579 | C62: =C56 * 2 /C17 -> 0.054054054 | D62: =D56 * 2 /D17 -> 0.054054054 | E62: =E56 * 2 /E17 -> 0.054054054 | F62: =F56 * 2 /F17 -> 0.052631579
A63: 2 | B63: =(B56 * 2 + B57 * 3 )/B17 -> 0.17105263 | C63: =(C56 * 2 + C57 * 3 )/C17 -> 0.17567568 | D63: =(D56 * 2 + D57 * 3 )/D17 -> 0.17567568 | E63: =(E56 * 2 + E57 * 3 )/E17 -> 0.17567568 | F63: =(F56 * 2 + F57 * 3 )/F17 -> 0.17105263
A64: 1 | B64: =(B56 * 2 + B57 * 2 + B58 * 4) / B17 -> 0.28947368 | C64: =(C56 * 2 + C57 * 2 + C58 * 4) / C17 -> 0.2972973 | D64: =(D56 * 2 + D57 * 2 + D58 * 4) / D17 -> 0.2972973 | E64: =(E56 * 2 + E57 * 2 + E58 * 4) / E17 -> 0.2972973 | F64: =(F56 * 2 + F57 * 2 + F58 * 4) / F17 -> 0.28947368
A65: 0 | B65: =1-SUM(B62:B64) -> 0.48684211 | C65: =1-SUM(C62:C64) -> 0.47297297 | D65: =1-SUM(D62:D64) -> 0.47297297 | E65: =1-SUM(E62:E64) -> 0.47297297 | F65: =1-SUM(F62:F64) -> 0.48684211
A66: Total: | B66: =SUM(B62:B65) -> 1 | C66: =SUM(C62:C65) -> 1 | D66: =SUM(D62:D65) -> 1 | E66: =SUM(E62:E65) -> 1 | F66: =SUM(F62:F65) -> 1 | G66: =Summary!F9 -> Bronze | H66: =1/4 -> 0.25 | M66: Collect Bonus Game
G67: =Summary!F10 -> Silver | H67: =1/4 -> 0.25 | M67: Bonus Type | N67: Coin to Cup | O67: Conversion to Bonus Game | P67: Bonus Game Chance | Q67: Pulls/Hit
G68: =Summary!F11 -> Gold | H68: =1/4 -> 0.25 | M68: Bonus1 | N68: =I92 -> 0.63042395 | O68: 0.011 | P68: =N68 * O68 -> 0.0069346635 | Q68: =1/P68 -> 144.2031 | S68: =Summary!G24 -> 0.055556591
G69: =Summary!F12 -> Platinum | H69: =1/4 -> 0.25 | M69: Bonus2 | N69: =J92 -> 0.63042395 | O69: 0.0103 | P69: =N69 * O69 * ( 1 - P68 ) -> 0.0064483374 | Q69: =1/P69 -> 155.07873 | S69: =Summary!G25 -> 0.055773065
G70: QH Count | H70: Chance | I70: Chance of at least 1 Bronze | J70: Chance of at least 1 Silver | K70: Chance of at least 1 Gold | L70: Chance of at least 1 Platinum | M70: Bonus3 | N70: =K92 -> 0.63042395 | O70: 0.01 | P70: =N70 * O70 * ( 1 - P68 ) * ( 1 - N69 * O69 ) -> 0.0062198699 | Q70: =1/P70 -> 160.77507 | S70: =Summary!G26 -> 0.056884678
A71: 15 | B71: 4.3749955e-07 | G71: 0 | H71: =SUMIFS(B$71:B$1094, A$71:A$1094, "="&G71 ) -> 0.025077558 | M71: Bonus4 | N71: =L92 -> 0.63042395 | O71: 0.0097 | P71: =N71 * O71 * (1 -P68 ) * ( 1 - N69 * O69 ) * ( 1 - N70 * O70 ) -> 0.0059952386 | Q71: =1/P71 -> 166.79903 | S71: =Summary!G27 -> 0.057069563
A72: 14 | B72: 1.4218735e-06 | G72: 1 | H72: =SUMIFS(B$71:B$1094, A$71:A$1094, "="&G72 ) -> 0.077111069 | I72: =(1 - BINOMDIST(0,G72,H$66, FALSE) ) * H72 -> 0.019277767 | J72: =( 1 - BINOMDIST(0,G72,H$67, FALSE) ) * H72 -> 0.019277767 | K72: =(1 - BINOMDIST(0,G72,H$68, FALSE) ) * H72 -> 0.019277767 | L72: =(1 - BINOMDIST(0,G72,H$69, FALSE) ) * H72 -> 0.019277767 | P72: =SUM(P68:P71) -> 0.025598109 | Q72: =1/P72 -> 39.065385 | S72: =Summary!G28 -> 0.2252839
A73: 13 | B73: 2.4062475e-06 | G73: 2 | H73: =SUMIFS(B$71:B$1094, A$71:A$1094, "="&G73 ) -> 0.1403919 | I73: =(1 - BINOMDIST(0,G73,H$66, FALSE) ) * H73 -> 0.061421456 | J73: =( 1 - BINOMDIST(0,G73,H$67, FALSE) ) * H73 -> 0.061421456 | K73: =(1 - BINOMDIST(0,G73,H$68, FALSE) ) * H73 -> 0.061421456 | L73: =(1 - BINOMDIST(0,G73,H$69, FALSE) ) * H73 -> 0.061421456
A74: 12 | B74: 4.0468709e-06 | G74: 3 | H74: =SUMIFS(B$71:B$1094, A$71:A$1094, "="&G74 ) -> 0.18438248 | I74: =(1 - BINOMDIST(0,G74,H$66, FALSE) ) * H74 -> 0.10659612 | J74: =( 1 - BINOMDIST(0,G74,H$67, FALSE) ) * H74 -> 0.10659612 | K74: =(1 - BINOMDIST(0,G74,H$68, FALSE) ) * H74 -> 0.10659612 | L74: =(1 - BINOMDIST(0,G74,H$69, FALSE) ) * H74 -> 0.10659612
A75: 14 | B75: 1.4218735e-06 | G75: 4 | H75: =SUMIFS(B$71:B$1094, A$71:A$1094, "="&G75 ) -> 0.18884922 | I75: =(1 - BINOMDIST(0,G75,H$66, FALSE) ) * H75 -> 0.12909615 | J75: =( 1 - BINOMDIST(0,G75,H$67, FALSE) ) * H75 -> 0.12909615 | K75: =(1 - BINOMDIST(0,G75,H$68, FALSE) ) * H75 -> 0.12909615 | L75: =(1 - BINOMDIST(0,G75,H$69, FALSE) ) * H75 -> 0.12909615
A76: 13 | B76: 4.621089e-06 | G76: 5 | H76: =SUMIFS(B$71:B$1094, A$71:A$1094, "="&G76 ) -> 0.15778505 | I76: =(1 - BINOMDIST(0,G76,H$66, FALSE) ) * H76 -> 0.12034192 | J76: =( 1 - BINOMDIST(0,G76,H$67, FALSE) ) * H76 -> 0.12034192 | K76: =(1 - BINOMDIST(0,G76,H$68, FALSE) ) * H76 -> 0.12034192 | L76: =(1 - BINOMDIST(0,G76,H$69, FALSE) ) * H76 -> 0.12034192
A77: 12 | B77: 7.8203045e-06 | G77: 6 | H77: =SUMIFS(B$71:B$1094, A$71:A$1094, "="&G77 ) -> 0.10980905 | I77: =(1 - BINOMDIST(0,G77,H$66, FALSE) ) * H77 -> 0.090265399 | J77: =( 1 - BINOMDIST(0,G77,H$67, FALSE) ) * H77 -> 0.090265399 | K77: =(1 - BINOMDIST(0,G77,H$68, FALSE) ) * H77 -> 0.090265399 | L77: =(1 - BINOMDIST(0,G77,H$69, FALSE) ) * H77 -> 0.090265399
A78: 11 | B78: 1.315233e-05 | G78: 7 | H78: =SUMIFS(B$71:B$1094, A$71:A$1094, "="&G78 ) -> 0.06445711 | I78: =(1 - BINOMDIST(0,G78,H$66, FALSE) ) * H78 -> 0.055853124 | J78: =( 1 - BINOMDIST(0,G78,H$67, FALSE) ) * H78 -> 0.055853124 | K78: =(1 - BINOMDIST(0,G78,H$68, FALSE) ) * H78 -> 0.055853124 | L78: =(1 - BINOMDIST(0,G78,H$69, FALSE) ) * H78 -> 0.055853124
A79: 13 | B79: 2.4062475e-06 | G79: 8 | H79: =SUMIFS(B$71:B$1094, A$71:A$1094, "="&G79 ) -> 0.032076693 | I79: =(1 - BINOMDIST(0,G79,H$66, FALSE) ) * H79 -> 0.028865401 | J79: =( 1 - BINOMDIST(0,G79,H$67, FALSE) ) * H79 -> 0.028865401 | K79: =(1 - BINOMDIST(0,G79,H$68, FALSE) ) * H79 -> 0.028865401 | L79: =(1 - BINOMDIST(0,G79,H$69, FALSE) ) * H79 -> 0.028865401
A80: 12 | B80: 7.8203045e-06 | G80: 9 | H80: =SUMIFS(B$71:B$1094, A$71:A$1094, "="&G80 ) -> 0.013502015 | I80: =(1 - BINOMDIST(0,G80,H$66, FALSE) ) * H80 -> 0.01248822 | J80: =( 1 - BINOMDIST(0,G80,H$67, FALSE) ) * H80 -> 0.01248822 | K80: =(1 - BINOMDIST(0,G80,H$68, FALSE) ) * H80 -> 0.01248822 | L80: =(1 - BINOMDIST(0,G80,H$69, FALSE) ) * H80 -> 0.01248822
A81: 11 | B81: 1.3234361e-05 | G81: 10 | H81: =SUMIFS(B$71:B$1094, A$71:A$1094, "="&G81 ) -> 0.0047725036 | I81: =(1 - BINOMDIST(0,G81,H$66, FALSE) ) * H81 -> 0.0045037471 | J81: =( 1 - BINOMDIST(0,G81,H$67, FALSE) ) * H81 -> 0.0045037471 | K81: =(1 - BINOMDIST(0,G81,H$68, FALSE) ) * H81 -> 0.0045037471 | L81: =(1 - BINOMDIST(0,G81,H$69, FALSE) ) * H81 -> 0.0045037471
A82: 10 | B82: 2.225779e-05 | G82: 11 | H82: =SUMIFS(B$71:B$1094, A$71:A$1094, "="&G82 ) -> 0.0013933899 | I82: =(1 - BINOMDIST(0,G82,H$66, FALSE) ) * H82 -> 0.0013345399 | J82: =( 1 - BINOMDIST(0,G82,H$67, FALSE) ) * H82 -> 0.0013345399 | K82: =(1 - BINOMDIST(0,G82,H$68, FALSE) ) * H82 -> 0.0013345399 | L82: =(1 - BINOMDIST(0,G82,H$69, FALSE) ) * H82 -> 0.0013345399
A83: 12 | B83: 3.8281211e-06 | G83: 12 | H83: =SUMIFS(B$71:B$1094, A$71:A$1094, "="&G83 ) -> 0.00032616959 | I83: =(1 - BINOMDIST(0,G83,H$66, FALSE) ) * H83 -> 0.00031583773 | J83: =( 1 - BINOMDIST(0,G83,H$67, FALSE) ) * H83 -> 0.00031583773 | K83: =(1 - BINOMDIST(0,G83,H$68, FALSE) ) * H83 -> 0.00031583773 | L83: =(1 - BINOMDIST(0,G83,H$69, FALSE) ) * H83 -> 0.00031583773
A84: 11 | B84: 1.2441394e-05 | G84: 13 | H84: =SUMIFS(B$71:B$1094, A$71:A$1094, "="&G84 ) -> 5.8242128e-05 | I84: =(1 - BINOMDIST(0,G84,H$66, FALSE) ) * H84 -> 5.6858454e-05 | J84: =( 1 - BINOMDIST(0,G84,H$67, FALSE) ) * H84 -> 5.6858454e-05 | K84: =(1 - BINOMDIST(0,G84,H$68, FALSE) ) * H84 -> 5.6858454e-05 | L84: =(1 - BINOMDIST(0,G84,H$69, FALSE) ) * H84 -> 5.6858454e-05
... A91: 13 | B91: 4.621089e-06 | G91: 20 | H91: =SUMIFS(B$71:B$1094, A$71:A$1094, "="&G91 ) -> 0 | I91: =(1 - BINOMDIST(0,G91,H$66, FALSE) ) * H91 -> 0 | J91: =( 1 - BINOMDIST(0,G91,H$67, FALSE) ) * H91 -> 0 | K91: =(1 - BINOMDIST(0,G91,H$68, FALSE) ) * H91 -> 0 | L91: =(1 - BINOMDIST(0,G91,H$69, FALSE) ) * H91 -> 0
A92: 12 | B92: 1.5018539e-05 | H92: =SUM(H71:H91) -> 1 | I92: =SUM(I72:I91) -> 0.63042395 | J92: =SUM(J72:J91) -> 0.63042395 | K92: =SUM(K72:K91) -> 0.63042395 | L92: =SUM(L72:L91) -> 0.63042395
A93: 11 | B93: 2.541599e-05
A94: 10 | B94: 4.2745073e-05
A95: 12 | B95: 7.8203045e-06
A96: 11 | B96: 2.541599e-05
A97: 10 | B97: 4.3011675e-05
A98: 9 | B98: 7.2337817e-05
A99: 11 | B99: 1.2441394e-05
A100: 10 | B100: 4.0434529e-05
A101: 9 | B101: 6.8427664e-05
A102: 8 | B102: 0.00011508289
A103: 13 | B103: 2.4062475e-06
A104: 12 | B104: 7.8203045e-06
... A1094: 0 | B1094: 0.025077558

Sheet BaseB_Structure
A1: "L3", | B1: "L2", | C1: "H5", | D1: "H5", | E1: "L1",
A2: "L2", | B2: "L3", | C2: "L4", | D2: "H3", | E2: "L4",
A3: "L2", | B3: "H4", | C3: "L1", | D3: "H1", | E3: "L4",
A4: "QH", | B4: "QH", | C4: "QH", | D4: "QH", | E4: "QH",
A5: "QH", | B5: "QH", | C5: "QH", | D5: "QH", | E5: "QH",
A6: "QH", | B6: "QH", | C6: "QH", | D6: "QH", | E6: "QH",
A7: "L4", | B7: "L1", | C7: "L2", | D7: "L4", | E7: "L3",
A8: "H4", | B8: "H5", | C8: "L4", | D8: "H2", | E8: "L2", | G8: "QH",
A9: "H5", | B9: "H3", | C9: "H3", | D9: "H4", | E9: "H5", | G9: "C",
A10: "L4", | B10: "H5", | C10: "L3", | D10: "L2", | E10: "L1",
A11: "C", | B11: "L4", | C11: "H5", | D11: "L3", | E11: "C",
A12: "L2", | B12: "H4", | C12: "L4", | D12: "H4", | E12: "H1",
A13: "H4", | B13: "L4", | C13: "L2", | D13: "H5", | E13: "H4",
A14: "H4", | B14: "L4", | C14: "H4", | D14: "L1", | E14: "H4",
A15: "L1", | B15: "H2", | C15: "H4", | D15: "L4", | E15: "H5",
A16: "QH", | B16: "QH", | C16: "QH", | D16: "QH", | E16: "QH",
A17: "L1", | B17: "H5", | C17: "L2", | D17: "L4", | E17: "L2",
A18: "H3", | B18: "L1", | C18: "H3", | D18: "L4", | E18: "H3",
A19: "L3", | B19: "L4", | C19: "L4", | D19: "H5", | E19: "H5",
A20: "H4", | B20: "H1", | C20: "L1", | D20: "L1", | E20: "L1",
A21: "H2", | B21: "H2", | C21: "L4", | D21: "L3", | E21: "L3",
... A74: "H3", | B74: "L1", | C74: "H2", | D74: "H3", | E74: "L3",
A75: "L3", | E75: "H3",
A76: "H2", | E76: "L1",

Sheet Structure
A1: "H1", | B1: 32 | C1: 32 | D1: 32 | E1: 32 | F1: =E1 * 1.5 -> 48
A2: "H2", | B2: 48 | C2: 48 | D2: 48 | E2: 48 | F2: =E2 * 1.5 -> 72
A3: "H3", | B3: 64 | C3: 64 | D3: 64 | E3: 64 | F3: =E3 * 1.5 -> 96
A4: "H4", | B4: 80 | C4: 80 | D4: 80 | E4: 80 | F4: =E4 * 1.5 -> 120
A5: "H5", | B5: 96 | C5: 96 | D5: 96 | E5: 96 | F5: =E5 * 1.5 -> 144
A6: "L1", | B6: 112 | C6: 112 | D6: 112 | E6: 112 | F6: =E6 * 1.5 -> 168
A7: "L2", | B7: 112 | C7: 112 | D7: 112 | E7: 112 | F7: =E7 * 1.5 -> 168
A8: "L3", | B8: 128 | C8: 128 | D8: 128 | E8: 128 | F8: =E8 * 1.5 -> 192
A9: "L4", | B9: 128 | C9: 128 | D9: 128 | E9: 128 | F9: =E9 * 1.5 -> 192
A10: "W", | B10: 0 | C10: 0 | D10: 0 | E10: 0 | F10: =E10 * 1.5 -> 0
A11: rn1, | B11: 0 | C11: 0 | D11: 0 | E11: 0 | F11: =E11 * 1.5 -> 0
A12: "C",
A16: Total | B16: =SUM(B1:B15) -> 800 | C16: =SUM(C1:C15) -> 800 | D16: =SUM(D1:D15) -> 800 | E16: =SUM(E1:E15) -> 800 | F16: =SUM(F1:F15) -> 1200

Sheet BaseC
A1: BaseC | D1: RTP: | E1: =L39 -> 0.059062853 | G1: Final RTP: | H1: =E1 + K1 + N1 -> 0.98421665 | J1: QH RTP: | K1: =B21 * F21 -> 0.13827438 | M1: =BaseB!M1 -> Bonus RTP: | N1: =I15 * N15 + J15 * O15 + K15 * P15 + L15 * Q15 -> 0.78687942
A2: Number of Symbol | H2: Chances | M2: Math Payout
A3: Pattern | B3: Reel1 | C3: Reel2 | D3: Reel3 | E3: Reel4 | F3: Reel5 | H3: Pattern | I3: 3Hit | J3: 4Hit | K3: 5Hit | M3: Pattern | N3: =I3 -> 3Hit | O3: =J3 -> 4Hit | P3: =K3 -> 5Hit
A4: H1 | B4: 3 | C4: 3 | D4: 3 | E4: 3 | F4: 48 | H4: =A4 -> H1 | I4: =(B4+B$13)/B$17 * (C4+C$13)/C$17 * (D4+D$13)/D$17 * (E$17-E4-E$13)/E$17 - (B$13)/B$17 * (C$13)/C$17 * (D$13)/D$17 * (E$17-E4-E$13)/E$17 -> 5.6837188e-05 | J4: =(B4+B$13)/B$17 * (C4+C$13)/C$17 * (D4+D$13)/D$17 * (E4+E$13)/E$17 * (F$17 - F4-F$13)/F$17 - (B$13)/B$17 * (C$13)/C$17 * (D$13)/D$17 * (E$13)/E$17 * (F$17 - F4-F$13)/F$17 -> 2.2121187e-06 | K4: =(B4+B$13)/B$17 * (C4+C$13)/C$17 * (D4+D$13)/D$17 * (E4+E$13)/E$17 * (F4+F$13)/F$17 - (B$13)/B$17 * (C$13)/C$17 * (D$13)/D$17 * (E$13)/E$17 * (F$13)/F$17 -> 9.209167e-08 | M4: =H4 -> H1 | N4: =BaseA!N4 -> 20 | O4: =BaseA!O4 -> 80 | P4: =BaseA!P4 -> 400
A5: H2 | B5: 4 | C5: 4 | D5: 4 | E5: 4 | F5: 72 | H5: =A5 -> H2 | I5: =(B5+B$13)/B$17 * (C5+C$13)/C$17 * (D5+D$13)/D$17 * (E$17-E5-E$13)/E$17 - (B$13)/B$17 * (C$13)/C$17 * (D$13)/D$17 * (E$17-E5-E$13)/E$17 -> 0.00013290458 | J5: =(B5+B$13)/B$17 * (C5+C$13)/C$17 * (D5+D$13)/D$17 * (E5+E$13)/E$17 * (F$17 - F5-F$13)/F$17 - (B$13)/B$17 * (C$13)/C$17 * (D$13)/D$17 * (E$13)/E$17 * (F$17 - F5-F$13)/F$17 -> 6.8458598e-06 | K5: =(B5+B$13)/B$17 * (C5+C$13)/C$17 * (D5+D$13)/D$17 * (E5+E$13)/E$17 * (F5+F$13)/F$17 - (B$13)/B$17 * (C$13)/C$17 * (D$13)/D$17 * (E$13)/E$17 * (F5 + F$13)/F$17 -> 4.3658273e-07 | M5: =H5 -> H2 | N5: =BaseA!N5 -> 16 | O5: =BaseA!O5 -> 60 | P5: =BaseA!P5 -> 200
A6: H3 | B6: 5 | C6: 5 | D6: 5 | E6: 5 | F6: 96 | H6: =A6 -> H3 | I6: =(B6+B$13)/B$17 * (C6+C$13)/C$17 * (D6+D$13)/D$17 * (E$17-E6-E$13)/E$17 - (B$13)/B$17 * (C$13)/C$17 * (D$13)/D$17 * (E$17-E6-E$13)/E$17 -> 0.00025602337 | J6: =(B6+B$13)/B$17 * (C6+C$13)/C$17 * (D6+D$13)/D$17 * (E6+E$13)/E$17 * (F$17 - F6-F$13)/F$17 - (B$13)/B$17 * (C$13)/C$17 * (D$13)/D$17 * (E6 + E$13)/E$17 * (F$17 - F6-F$13)/F$17 -> 1.6358233e-05 | K6: =(B6+B$13)/B$17 * (C6+C$13)/C$17 * (D6+D$13)/D$17 * (E6+E$13)/E$17 * (F6+F$13)/F$17 - (B$13)/B$17 * (C$13)/C$17 * (D$13)/D$17 * (E$13)/E$17 * (F6 + F$13)/F$17 -> 1.4211677e-06 | M6: =H6 -> H3 | N6: =BaseA!N6 -> 12 | O6: =BaseA!O6 -> 40 | P6: =BaseA!P6 -> 120
A7: H4 | B7: 6 | C7: 6 | D7: 6 | E7: 6 | F7: 120 | H7: =A7 -> H4 | I7: =(B7+B$13)/B$17 * (C7+C$13)/C$17 * (D7+D$13)/D$17 * (E$17-E7-E$13)/E$17 - (B$13)/B$17 * (C$13)/C$17 * (D$13)/D$17 * (E$17-E7-E$13)/E$17 -> 0.00043626382 | J7: =(B7+B$13)/B$17 * (C7+C$13)/C$17 * (D7+D$13)/D$17 * (E7+E$13)/E$17 * (F$17 - F7-F$13)/F$17 - (B$13)/B$17 * (C$13)/C$17 * (D$13)/D$17 * (E7 + E$13)/E$17 * (F$17 - F7-F$13)/F$17 -> 3.3183698e-05 | K7: =(B7+B$13)/B$17 * (C7+C$13)/C$17 * (D7+D$13)/D$17 * (E7+E$13)/E$17 * (F7+F$13)/F$17 - (B$13)/B$17 * (C$13)/C$17 * (D$13)/D$17 * (E$13)/E$17 * (F7 + F$13)/F$17 -> 3.6836668e-06 | M7: =H7 -> H4 | N7: =BaseA!N7 -> 8 | O7: =BaseA!O7 -> 28 | P7: =BaseA!P7 -> 80
A8: H5 | B8: 7 | C8: 7 | D8: 7 | E8: 7 | F8: 144 | H8: =A8 -> H5 | I8: =(B8+B$13)/B$17 * (C8+C$13)/C$17 * (D8+D$13)/D$17 * (E$17-E8-E$13)/E$17 - (B$13)/B$17 * (C$13)/C$17 * (D$13)/D$17 * (E$17-E8-E$13)/E$17 -> 0.00068301346 | J8: =(B8+B$13)/B$17 * (C8+C$13)/C$17 * (D8+D$13)/D$17 * (E8+E$13)/E$17 * (F$17 - F8-F$13)/F$17 - (B$13)/B$17 * (C$13)/C$17 * (D$13)/D$17 * (E8 + E$13)/E$17 * (F$17 - F8-F$13)/F$17 -> 6.0112009e-05 | K8: =(B8+B$13)/B$17 * (C8+C$13)/C$17 * (D8+D$13)/D$17 * (E8+E$13)/E$17 * (F8+F$13)/F$17 - (B$13)/B$17 * (C$13)/C$17 * (D$13)/D$17 * (E$13)/E$17 * (F8 + F$13)/F$17 -> 8.189337e-06 | M8: =H8 -> H5 | N8: =BaseA!N8 -> 8 | O8: =BaseA!O8 -> 28 | P8: =BaseA!P8 -> 80
A9: L1 | B9: 8 | C9: 8 | D9: 8 | E9: 8 | F9: 168 | H9: =A9 -> L1 | I9: =(B9+B$13)/B$17 * (C9+C$13)/C$17 * (D9+D$13)/D$17 * (E$17-E9-E$13)/E$17 - (B$13)/B$17 * (C$13)/C$17 * (D$13)/D$17 * (E$17-E9-E$13)/E$17 -> 0.0010049771 | J9: =(B9+B$13)/B$17 * (C9+C$13)/C$17 * (D9+D$13)/D$17 * (E9+E$13)/E$17 * (F$17 - F9-F$13)/F$17 - (B$13)/B$17 * (C$13)/C$17 * (D$13)/D$17 * (E9 + E$13)/E$17 * (F$17 - F9-F$13)/F$17 -> 0.00010021999 | K9: =(B9+B$13)/B$17 * (C9+C$13)/C$17 * (D9+D$13)/D$17 * (E9+E$13)/E$17 * (F9+F$13)/F$17 - (B$13)/B$17 * (C$13)/C$17 * (D$13)/D$17 * (E$13)/E$17 * (F9 + F$13)/F$17 -> 1.6299089e-05 | M9: =H9 -> L1 | N9: =BaseA!N9 -> 8 | O9: =BaseA!O9 -> 16 | P9: =BaseA!P9 -> 60
A10: L2 | B10: 8 | C10: 8 | D10: 8 | E10: 8 | F10: 168 | H10: =A10 -> L2 | I10: =(B10+B$13)/B$17 * (C10+C$13)/C$17 * (D10+D$13)/D$17 * (E$17-E10-E$13)/E$17 - (B$13)/B$17 * (C$13)/C$17 * (D$13)/D$17 * (E$17-E10-E$13)/E$17 -> 0.0010049771 | J10: =(B10+B$13)/B$17 * (C10+C$13)/C$17 * (D10+D$13)/D$17 * (E10+E$13)/E$17 * (F$17 - F10-F$13)/F$17 - (B$13)/B$17 * (C$13)/C$17 * (D$13)/D$17 * (E10 + E$13)/E$17 * (F$17 - F10-F$13)/F$17 -> 0.00010021999 | K10: =(B10+B$13)/B$17 * (C10+C$13)/C$17 * (D10+D$13)/D$17 * (E10+E$13)/E$17 * (F10+F$13)/F$17 - (B$13)/B$17 * (C$13)/C$17 * (D$13)/D$17 * (E$13)/E$17 * (F10 + F$13)/F$17 -> 1.6299089e-05 | M10: =H10 -> L2 | N10: =BaseA!N10 -> 8 | O10: =BaseA!O10 -> 16 | P10: =BaseA!P10 -> 60
A11: L3 | B11: 9 | C11: 9 | D11: 9 | E11: 9 | F11: 192 | H11: =A11 -> L3 | I11: =(B11+B$13)/B$17 * (C11+C$13)/C$17 * (D11+D$13)/D$17 * (E$17-E11-E$13)/E$17 - (B$13)/B$17 * (C$13)/C$17 * (D$13)/D$17 * (E$17-E11-E$13)/E$17 -> 0.0014101767 | J11: =(B11+B$13)/B$17 * (C11+C$13)/C$17 * (D11+D$13)/D$17 * (E11+E$13)/E$17 * (F$17 - F11-F$13)/F$17 - (B$13)/B$17 * (C$13)/C$17 * (D$13)/D$17 * (E11 + E$13)/E$17 * (F$17 - F11-F$13)/F$17 -> 0.00015680334 | K11: =(B11+B$13)/B$17 * (C11+C$13)/C$17 * (D11+D$13)/D$17 * (E11+E$13)/E$17 * (F11+F$13)/F$17 - (B$13)/B$17 * (C$13)/C$17 * (D$13)/D$17 * (E11+E$13)/E$17 * (F11 + F$13)/F$17 -> 2.9837701e-05 | M11: =H11 -> L3 | N11: =BaseA!N11 -> 4 | O11: =BaseA!O11 -> 12 | P11: =BaseA!P11 -> 40
A12: L4 | B12: 9 | C12: 9 | D12: 9 | E12: 9 | F12: 192 | H12: =A12 -> L4 | I12: =(B12+B$13)/B$17 * (C12+C$13)/C$17 * (D12+D$13)/D$17 * (E$17-E12-E$13)/E$17 - (B$13)/B$17 * (C$13)/C$17 * (D$13)/D$17 * (E$17-E12-E$13)/E$17 -> 0.0014101767 | J12: =(B12+B$13)/B$17 * (C12+C$13)/C$17 * (D12+D$13)/D$17 * (E12+E$13)/E$17 * (F$17 - F12-F$13)/F$17 - (B$13)/B$17 * (C$13)/C$17 * (D$13)/D$17 * (E12 + E$13)/E$17 * (F$17 - F12-F$13)/F$17 -> 0.00015680334 | K12: =(B12+B$13)/B$17 * (C12+C$13)/C$17 * (D12+D$13)/D$17 * (E12+E$13)/E$17 * (F12+F$13)/F$17 - (B$13)/B$17 * (C$13)/C$17 * (D$13)/D$17 * (E12+E$13)/E$17 * (F12 + F$13)/F$17 -> 2.9837701e-05 | M12: =H12 -> L4 | N12: =BaseA!N12 -> 4 | O12: =BaseA!O12 -> 12 | P12: =BaseA!P12 -> 40
A13: W | B13: 0 | C13: 0 | D13: 0 | E13: 0 | F13: 0 | H13: =A13 -> W | I13: =(B$13)/B$17 * (C$13)/C$17 * (D$13)/D$17 * (E$17 - E$13-E4-E5)/E$17 - (B$13)/B$17 * (C$13)/C$17 * (D$13)/D$17 * ( E6/E17 * (F6 + F13)/F17 + E7/E17 * (F7 + F13)/F17 + E8/E17 * (F8 + F13)/F17 + E9/E17 * (F9+F13)/F17 + E10/E17 * (F10+F13)/F17 ) -> 0 | J13: =(B$13)/B$17 * (C$13)/C$17 * (D$13)/D$17 * (E$13)/E$17 * (F$17 - F$13-F4)/F$17 -> 0 | K13: =(B$13)/B$17 * (C$13)/C$17 * (D$13)/D$17 * (E$13)/E$17 * (F$13)/F$17 -> 0 | M13: =H13 -> W | N13: =BaseA!N13 -> 40 | O13: =BaseA!O13 -> 200 | P13: =BaseA!P13 -> 1000
A15: C | B15: 0 | C15: 0 | D15: 0 | E15: 0 | F15: 1 | H15: Bonus Game: | I15: =P68 -> 0.0067554977 | J15: =P69 -> 0.0062828698 | K15: =P70 -> 0.0060612882 | L15: =P71 -> 0.0058433417 | M15: =BaseB!M15 -> Bonus Game: | N15: =BaseB!N15 -> 28.718256 | O15: =BaseB!O15 -> 31.003711 | P15: =BaseB!P15 -> 32.782395 | Q15: =Bonus_Game4!B22 -> 34.120455
A16: QH | B16: =B56 * 3 + B57 * 2 + B58 * 1 -> 18 | C16: =C56 * 3 + C57 * 2 + C58 * 1 -> 18 | D16: =D56 * 3 + D57 * 2 + D58 * 1 -> 18 | E16: =E56 * 3 + E57 * 2 + E58 * 1 -> 18 | F16: 0
A17: Total | B17: =SUM(B4:B16) -> 77 | C17: =SUM(C4:C16) -> 77 | D17: =SUM(D4:D16) -> 77 | E17: =SUM(E4:E16) -> 77 | F17: =SUM(F4:F16) -> 1201
A21: Chance of Collect: | B21: =F15/F17 * 4 -> 0.0033305579 | C21: or 1 in | D21: =1/B21 -> 300.25 | E21: QH Ave Win: | F21: =SUM(B27:F27) -> 41.516883
H23: EV
B24: =B3 -> Reel1 | C24: =C3 -> Reel2 | D24: =D3 -> Reel3 | E24: =E3 -> Reel4 | F24: =F3 -> Reel5 | H24: =H3 -> Pattern | I24: =I3 -> 3Hit | J24: =J3 -> 4Hit | K24: =K3 -> 5Hit | L24: Total | N24: QH Multiplier/Symbol | O24: Chance | P24: EV
A25: Chance: | B25: =B16/B17 * 4 -> 0.93506494 | C25: =C16/C17 * 4 -> 0.93506494 | D25: =D16/D17 * 4 -> 0.93506494 | E25: =E16/E17 * 4 -> 0.93506494 | F25: =F16/F17 * 4 -> 0 | H25: =A4 -> H1 | I25: =I4 * N4 -> 0.0011367438 | J25: =J4 * O4 -> 0.00017696949 | K25: =K4 * P4 -> 3.6836668e-05 | L25: =SUM(I25:K25) -> 0.0013505499 | N25: =BaseB!N25 -> 0.5 | O25: 0.05 | P25: =N25 * O25 -> 0.025 | R25: =SUM(O$25:O25) * 10000 -> 500
A26: Ave Win: | B26: =$P46 -> 11.1 | C26: =$P46 -> 11.1 | D26: =$P46 -> 11.1 | E26: =$P46 -> 11.1 | F26: =$P46 -> 11.1 | H26: =A5 -> H2 | I26: =I5 * N5 -> 0.0021264732 | J26: =J5 * O5 -> 0.00041075159 | K26: =K5 * P5 -> 8.7316546e-05 | L26: =SUM(I26:K26) -> 0.0026245413 | N26: =BaseB!N26 -> 1 | O26: 0.05 | P26: =N26 * O26 -> 0.05 | R26: =SUM(O$25:O26) * 10000 -> 1000
A27: EV | B27: =B25 * B26 -> 10.379221 | C27: =C25 * C26 -> 10.379221 | D27: =D25 * D26 -> 10.379221 | E27: =E25 * E26 -> 10.379221 | F27: =F25 * F26 -> 0 | H27: =A6 -> H3 | I27: =I6 * N6 -> 0.0030722804 | J27: =J6 * O6 -> 0.00065432932 | K27: =K6 * P6 -> 0.00017054013 | L27: =SUM(I27:K27) -> 0.0038971499 | N27: =BaseB!N27 -> 1.5 | O27: 0.05 | P27: =N27 * O27 -> 0.075 | R27: =SUM(O$25:O27) * 10000 -> 1500
H28: =A7 -> H4 | I28: =I7 * N7 -> 0.0034901106 | J28: =J7 * O7 -> 0.00092914355 | K28: =K7 * P7 -> 0.00029469334 | L28: =SUM(I28:K28) -> 0.0047139475 | N28: =BaseB!N28 -> 2 | O28: 0.05 | P28: =N28 * O28 -> 0.1 | R28: =SUM(O$25:O28) * 10000 -> 2000
H29: =A8 -> H5 | I29: =I8 * N8 -> 0.0054641076 | J29: =J8 * O8 -> 0.0016831362 | K29: =K8 * P8 -> 0.00065514696 | L29: =SUM(I29:K29) -> 0.0078023908 | N29: =BaseB!N29 -> 2.5 | O29: 0.05 | P29: =N29 * O29 -> 0.125 | R29: =SUM(O$25:O29) * 10000 -> 2500
H30: =A9 -> L1 | I30: =I9 * N9 -> 0.0080398165 | J30: =J9 * O9 -> 0.0016035199 | K30: =K9 * P9 -> 0.00097794532 | L30: =SUM(I30:K30) -> 0.010621282 | N30: =BaseB!N30 -> 3 | O30: 0.05 | P30: =N30 * O30 -> 0.15 | R30: =SUM(O$25:O30) * 10000 -> 3000
A31: QH Chance | B31: =B3 -> Reel1 | C31: =C3 -> Reel2 | D31: =D3 -> Reel3 | E31: =E3 -> Reel4 | H31: =A10 -> L2 | I31: =I10 * N10 -> 0.0080398165 | J31: =J10 * O10 -> 0.0016035199 | K31: =K10 * P10 -> 0.00097794532 | L31: =SUM(I31:K31) -> 0.010621282 | N31: =BaseB!N31 -> 3.5 | O31: 0.05 | P31: =N31 * O31 -> 0.175 | R31: =SUM(O$25:O31) * 10000 -> 3500
A32: Hit: | B32: =SUM(B62:B64) -> 0.62337662 | C32: =SUM(C62:C64) -> 0.62337662 | D32: =SUM(D62:D64) -> 0.62337662 | E32: =SUM(E62:E64) -> 0.62337662 | H32: =A11 -> L3 | I32: =I11 * N11 -> 0.0056407069 | J32: =J11 * O11 -> 0.00188164 | K32: =K11 * P11 -> 0.001193508 | L32: =SUM(I32:K32) -> 0.0087158549 | N32: =BaseB!N32 -> 4 | O32: 0.05 | P32: =N32 * O32 -> 0.2 | R32: =SUM(O$25:O32) * 10000 -> 4000
A33: No Hit: | B33: =B65 -> 0.37662338 | C33: =C65 -> 0.37662338 | D33: =D65 -> 0.37662338 | E33: =E65 -> 0.37662338 | H33: =A12 -> L4 | I33: =I12 * N12 -> 0.0056407069 | J33: =J12 * O12 -> 0.00188164 | K33: =K12 * P12 -> 0.001193508 | L33: =SUM(I33:K33) -> 0.0087158549 | N33: =BaseB!N33 -> 5 | O33: 0.05 | P33: =N33 * O33 -> 0.25 | R33: =SUM(O$25:O33) * 10000 -> 4500
H34: =A13 -> W | I34: =I13 * N13 -> 0 | J34: =J13 * O13 -> 0 | K34: =K13 * P13 -> 0 | L34: =SUM(I34:K34) -> 0 | N34: =BaseB!N34 -> 6 | O34: 0.05 | P34: =N34 * O34 -> 0.3 | R34: =SUM(O$25:O34) * 10000 -> 5000
A35: Chance of no QH: | B35: =B33 * C33 * D33 * E33 -> 0.020120052 | N35: =BaseB!N35 -> 7 | O35: 0.05 | P35: =N35 * O35 -> 0.35 | R35: =SUM(O$25:O35) * 10000 -> 5500
A36: Chance of QH: | B36: =1-B35 -> 0.97987995 | N36: =BaseB!N36 -> 8 | O36: 0.05 | P36: =N36 * O36 -> 0.4 | R36: =SUM(O$25:O36) * 10000 -> 6000
A37: Chance of Collect: | B37: =B21 -> 0.0033305579 | N37: =BaseB!N37 -> 9 | O37: 0.05 | P37: =N37 * O37 -> 0.45 | R37: =SUM(O$25:O37) * 10000 -> 6500
N38: =BaseB!N38 -> 10 | O38: 0.05 | P38: =N38 * O38 -> 0.5 | R38: =SUM(O$25:O38) * 10000 -> 7000
A39: Chance of a Win: | B39: =B36 * B37 -> 0.0032635469 | I39: =SUM(I25:I38) -> 0.042650762 | J39: =SUM(J25:J38) -> 0.01082465 | K39: =SUM(K25:K38) -> 0.0055874404 | L39: =SUM(L25:L38) -> 0.059062853 | N39: =BaseB!N39 -> 12 | O39: 0.05 | P39: =N39 * O39 -> 0.6 | R39: =SUM(O$25:O39) * 10000 -> 7500
N40: =BaseB!N40 -> 15 | O40: 0.05 | P40: =N40 * O40 -> 0.75 | R40: =SUM(O$25:O40) * 10000 -> 8000
N41: =BaseB!N41 -> 20 | O41: 0.04 | P41: =N41 * O41 -> 0.8 | R41: =SUM(O$25:O41) * 10000 -> 8400
N42: =BaseB!N42 -> 25 | O42: 0.04 | P42: =N42 * O42 -> 1 | R42: =SUM(O$25:O42) * 10000 -> 8800
N43: =BaseB!N43 -> 30 | O43: 0.04 | P43: =N43 * O43 -> 1.2 | R43: =SUM(O$25:O43) * 10000 -> 9200
N44: =BaseB!N44 -> 40 | O44: 0.04 | P44: =N44 * O44 -> 1.6 | R44: =SUM(O$25:O44) * 10000 -> 9600
N45: =BaseB!N45 -> 50 | O45: 0.04 | P45: =N45 * O45 -> 2 | R45: =SUM(O$25:O45) * 10000 -> 10000
O46: =SUM(O25:O45) -> 1 | P46: =SUM(P25:P45) -> 11.1
A55: QH Stacked | B55: =B3 -> Reel1 | C55: =C3 -> Reel2 | D55: =D3 -> Reel3 | E55: =E3 -> Reel4
A56: 3's | B56: 2 | C56: 2 | D56: 2 | E56: 2
A57: 2's | B57: 4 | C57: 4 | D57: 4 | E57: 4
A58: 1's | B58: 4 | C58: 4 | D58: 4 | E58: 4
A61: Chance | B61: =B55 -> Reel1 | C61: =C55 -> Reel2 | D61: =D55 -> Reel3 | E61: =E55 -> Reel4
A62: 3 | B62: =B56 * 2 /B17 -> 0.051948052 | C62: =C56 * 2 /C17 -> 0.051948052 | D62: =D56 * 2 /D17 -> 0.051948052 | E62: =E56 * 2 /E17 -> 0.051948052
A63: 2 | B63: =(B56 * 2 + B57 * 3 )/B17 -> 0.20779221 | C63: =(C56 * 2 + C57 * 3 )/C17 -> 0.20779221 | D63: =(D56 * 2 + D57 * 3 )/D17 -> 0.20779221 | E63: =(E56 * 2 + E57 * 3 )/E17 -> 0.20779221
A64: 1 | B64: =(B56 * 2 + B57 * 2 + B58 * 4) / B17 -> 0.36363636 | C64: =(C56 * 2 + C57 * 2 + C58 * 4) / C17 -> 0.36363636 | D64: =(D56 * 2 + D57 * 2 + D58 * 4) / D17 -> 0.36363636 | E64: =(E56 * 2 + E57 * 2 + E58 * 4) / E17 -> 0.36363636
A65: 0 | B65: =1-SUM(B62:B64) -> 0.37662338 | C65: =1-SUM(C62:C64) -> 0.37662338 | D65: =1-SUM(D62:D64) -> 0.37662338 | E65: =1-SUM(E62:E64) -> 0.37662338
A66: Total: | B66: =SUM(B62:B65) -> 1 | C66: =SUM(C62:C65) -> 1 | D66: =SUM(D62:D65) -> 1 | E66: =SUM(E62:E65) -> 1 | G66: =Summary!F9 -> Bronze | H66: =1/4 -> 0.25 | M66: Collect Bonus Game
G67: =Summary!F10 -> Silver | H67: =1/4 -> 0.25 | M67: Bonus Type | N67: Coin to Cup | O67: Conversion to Bonus Game | P67: Bonus Game Chance | Q67: Pulls/Hit
G68: =Summary!F11 -> Gold | H68: =1/4 -> 0.25 | M68: Bonus1 | N68: =I84 -> 0.61413615 | O68: =BaseB!O68 -> 0.011 | P68: =N68 * O68 -> 0.0067554977 | Q68: =1/P68 -> 148.02758
G69: =Summary!F12 -> Platinum | H69: =1/4 -> 0.25 | M69: Bonus2 | N69: =J84 -> 0.61413615 | O69: =BaseB!O69 -> 0.0103 | P69: =N69 * O69 * ( 1 - P68 ) -> 0.0062828698 | Q69: =1/P69 -> 159.16294
G70: QH Count | H70: Chance | I70: Chance of at least 1 Bronze | J70: Chance of at least 1 Silver | K70: Chance of at least 1 Gold | L70: =BaseB!L70 -> Chance of at least 1 Platinum | M70: Bonus3 | N70: =K84 -> 0.61413615 | O70: =BaseB!O70 -> 0.01 | P70: =N70 * O70 * ( 1 - P68 ) * ( 1 - N69 * O69 ) -> 0.0060612882 | Q70: =1/P70 -> 164.98143
A71: 12 | B71: 7.2824425e-06 | G71: 0 | H71: =SUMIFS(B$71:B$326, A$71:A$326, "="&G71 ) -> 0.020120052 | M71: Bonus4 | N71: =L84 -> 0.61413615 | O71: =BaseB!O71 -> 0.0097 | P71: =N71 * O71 * (1 -P68 ) * ( 1 - N69 * O69 ) * ( 1 - N70 * O70 ) -> 0.0058433417 | Q71: =1/P71 -> 171.13495
A72: 11 | B72: 2.912977e-05 | G72: 1 | H72: =SUMIFS(B$71:B$326, A$71:A$326, "="&G72 ) -> 0.077705027 | I72: =(1 - BINOMDIST(0,G72,H$66, FALSE) ) * H72 -> 0.019426257 | J72: =( 1 - BINOMDIST(0,G72,H$67, FALSE) ) * H72 -> 0.019426257 | K72: =(1 - BINOMDIST(0,G72,H$68, FALSE) ) * H72 -> 0.019426257 | L72: =(1 - BINOMDIST(0,G72,H$69, FALSE) ) * H72 -> 0.019426257 | P72: =SUM(P68:P71) -> 0.024942997 | Q72: =1/P72 -> 40.091413
A73: 10 | B73: 5.0977098e-05 | G73: 2 | H73: =SUMIFS(B$71:B$326, A$71:A$326, "="&G73 ) -> 0.15694119 | I73: =(1 - BINOMDIST(0,G73,H$66, FALSE) ) * H73 -> 0.06866177 | J73: =( 1 - BINOMDIST(0,G73,H$67, FALSE) ) * H73 -> 0.06866177 | K73: =(1 - BINOMDIST(0,G73,H$68, FALSE) ) * H73 -> 0.06866177 | L73: =(1 - BINOMDIST(0,G73,H$69, FALSE) ) * H73 -> 0.06866177
A74: 9 | B74: 5.2797708e-05 | G74: 3 | H74: =SUMIFS(B$71:B$326, A$71:A$326, "="&G74 ) -> 0.21215439 | I74: =(1 - BINOMDIST(0,G74,H$66, FALSE) ) * H74 -> 0.12265176 | J74: =( 1 - BINOMDIST(0,G74,H$67, FALSE) ) * H74 -> 0.12265176 | K74: =(1 - BINOMDIST(0,G74,H$68, FALSE) ) * H74 -> 0.12265176 | L74: =(1 - BINOMDIST(0,G74,H$69, FALSE) ) * H74 -> 0.12265176
A75: 11 | B75: 2.912977e-05 | G75: 4 | H75: =SUMIFS(B$71:B$326, A$71:A$326, "="&G75 ) -> 0.21056636 | I75: =(1 - BINOMDIST(0,G75,H$66, FALSE) ) * H75 -> 0.14394185 | J75: =( 1 - BINOMDIST(0,G75,H$67, FALSE) ) * H75 -> 0.14394185 | K75: =(1 - BINOMDIST(0,G75,H$68, FALSE) ) * H75 -> 0.14394185 | L75: =(1 - BINOMDIST(0,G75,H$69, FALSE) ) * H75 -> 0.14394185
A76: 10 | B76: 0.00011651908 | G76: 5 | H76: =SUMIFS(B$71:B$326, A$71:A$326, "="&G76 ) -> 0.16034482 | I76: =(1 - BINOMDIST(0,G76,H$66, FALSE) ) * H76 -> 0.12229424 | J76: =( 1 - BINOMDIST(0,G76,H$67, FALSE) ) * H76 -> 0.12229424 | K76: =(1 - BINOMDIST(0,G76,H$68, FALSE) ) * H76 -> 0.12229424 | L76: =(1 - BINOMDIST(0,G76,H$69, FALSE) ) * H76 -> 0.12229424
A77: 9 | B77: 0.00020390839 | G77: 6 | H77: =SUMIFS(B$71:B$326, A$71:A$326, "="&G77 ) -> 0.095541094 | I77: =(1 - BINOMDIST(0,G77,H$66, FALSE) ) * H77 -> 0.078536832 | J77: =( 1 - BINOMDIST(0,G77,H$67, FALSE) ) * H77 -> 0.078536832 | K77: =(1 - BINOMDIST(0,G77,H$68, FALSE) ) * H77 -> 0.078536832 | L77: =(1 - BINOMDIST(0,G77,H$69, FALSE) ) * H77 -> 0.078536832
A78: 8 | B78: 0.00021119083 | G78: 7 | H78: =SUMIFS(B$71:B$326, A$71:A$326, "="&G78 ) -> 0.044750609 | I78: =(1 - BINOMDIST(0,G78,H$66, FALSE) ) * H78 -> 0.038777124 | J78: =( 1 - BINOMDIST(0,G78,H$67, FALSE) ) * H78 -> 0.038777124 | K78: =(1 - BINOMDIST(0,G78,H$68, FALSE) ) * H78 -> 0.038777124 | L78: =(1 - BINOMDIST(0,G78,H$69, FALSE) ) * H78 -> 0.038777124
A79: 10 | B79: 5.0977098e-05 | G79: 8 | H79: =SUMIFS(B$71:B$326, A$71:A$326, "="&G79 ) -> 0.016327236 | I79: =(1 - BINOMDIST(0,G79,H$66, FALSE) ) * H79 -> 0.014692669 | J79: =( 1 - BINOMDIST(0,G79,H$67, FALSE) ) * H79 -> 0.014692669 | K79: =(1 - BINOMDIST(0,G79,H$68, FALSE) ) * H79 -> 0.014692669 | L79: =(1 - BINOMDIST(0,G79,H$69, FALSE) ) * H79 -> 0.014692669
A80: 9 | B80: 0.00020390839 | G80: 9 | H80: =SUMIFS(B$71:B$326, A$71:A$326, "="&G80 ) -> 0.0045223968 | I80: =(1 - BINOMDIST(0,G80,H$66, FALSE) ) * H80 -> 0.0041828341 | J80: =( 1 - BINOMDIST(0,G80,H$67, FALSE) ) * H80 -> 0.0041828341 | K80: =(1 - BINOMDIST(0,G80,H$68, FALSE) ) * H80 -> 0.0041828341 | L80: =(1 - BINOMDIST(0,G80,H$69, FALSE) ) * H80 -> 0.0041828341
A81: 8 | B81: 0.00035683968 | G81: 10 | H81: =SUMIFS(B$71:B$326, A$71:A$326, "="&G81 ) -> 0.00090302287 | I81: =(1 - BINOMDIST(0,G81,H$66, FALSE) ) * H81 -> 0.00085217048 | J81: =( 1 - BINOMDIST(0,G81,H$67, FALSE) ) * H81 -> 0.00085217048 | K81: =(1 - BINOMDIST(0,G81,H$68, FALSE) ) * H81 -> 0.00085217048 | L81: =(1 - BINOMDIST(0,G81,H$69, FALSE) ) * H81 -> 0.00085217048
A82: 7 | B82: 0.00036958396 | G82: 11 | H82: =SUMIFS(B$71:B$326, A$71:A$326, "="&G82 ) -> 0.00011651908 | I82: =(1 - BINOMDIST(0,G82,H$66, FALSE) ) * H82 -> 0.00011159788 | J82: =( 1 - BINOMDIST(0,G82,H$67, FALSE) ) * H82 -> 0.00011159788 | K82: =(1 - BINOMDIST(0,G82,H$68, FALSE) ) * H82 -> 0.00011159788 | L82: =(1 - BINOMDIST(0,G82,H$69, FALSE) ) * H82 -> 0.00011159788
A83: 9 | B83: 5.2797708e-05 | G83: 12 | H83: =SUMIFS(B$71:B$326, A$71:A$326, "="&G83 ) -> 7.2824425e-06 | I83: =(1 - BINOMDIST(0,G83,H$66, FALSE) ) * H83 -> 7.0517613e-06 | J83: =( 1 - BINOMDIST(0,G83,H$67, FALSE) ) * H83 -> 7.0517613e-06 | K83: =(1 - BINOMDIST(0,G83,H$68, FALSE) ) * H83 -> 7.0517613e-06 | L83: =(1 - BINOMDIST(0,G83,H$69, FALSE) ) * H83 -> 7.0517613e-06
A84: 8 | B84: 0.00021119083 | H84: =SUM(H71:H83) -> 1 | I84: =SUM(I72:I83) -> 0.61413615 | J84: =SUM(J72:J83) -> 0.61413615 | K84: =SUM(K72:K83) -> 0.61413615 | L84: =SUM(L72:L83) -> 0.61413615
A85: 7 | B85: 0.00036958396
A86: 6 | B86: 0.00038278338
A87: 11 | B87: 2.912977e-05
A88: 10 | B88: 0.00011651908
A89: 9 | B89: 0.00020390839
A90: 8 | B90: 0.00021119083
A91: 10 | B91: 0.00011651908
A92: 9 | B92: 0.00046607632
A93: 8 | B93: 0.00081563356
A94: 7 | B94: 0.00084476333
A95: 9 | B95: 0.00020390839
A96: 8 | B96: 0.00081563356
... A326: 0 | B326: 0.020120052

Sheet BaseC_Structure
A1: "L3", | B1: "L2", | C1: "H5", | D1: "H5", | E1: "H1",
A2: "L2", | B2: "L3", | C2: "L4", | D2: "H3", | E2: "H2",
A3: "L2", | B3: "H4", | C3: "L1", | D3: "H1", | E3: "H2",
A4: "QH", | B4: "QH", | C4: "QH", | D4: "QH", | E4: "H1",
A5: "L4", | B5: "L1", | C5: "L2", | D5: "L4", | E5: "H4",
A6: "H4", | B6: "H5", | C6: "L4", | D6: "H2", | E6: "H1",
A7: "H5", | B7: "H3", | C7: "H3", | D7: "H4", | E7: "H3",
A8: "L4", | B8: "H5", | C8: "L3", | D8: "L2", | E8: "H2", | G8: "C",
A9: "QH", | B9: "QH", | C9: "QH", | D9: "QH", | E9: "H1",
A10: "QH", | B10: "QH", | C10: "QH", | D10: "QH", | E10: "H2", | G10: "QH",
A11: "QH", | B11: "QH", | C11: "QH", | D11: "QH", | E11: "H4",
A12: "L2", | B12: "L4", | C12: "H5", | D12: "L3", | E12: "H2",
A13: "H4", | B13: "H4", | C13: "L4", | D13: "H4", | E13: "H4",
A14: "H4", | B14: "L4", | C14: "L2", | D14: "H5", | E14: "H2",
A15: "L1", | B15: "L4", | C15: "H4", | D15: "L1", | E15: "H2",
A16: "L1", | B16: "H2", | C16: "H4", | D16: "L4", | E16: "H2",
A17: "QH", | B17: "QH", | C17: "QH", | D17: "QH", | E17: "H3",
A18: "QH", | B18: "QH", | C18: "QH", | D18: "QH", | E18: "H1",
A19: "H3", | B19: "H5", | C19: "L2", | D19: "L4", | E19: "H4",
A20: "L3", | B20: "L1", | C20: "H3", | D20: "L4", | E20: "H4",
A21: "H4", | B21: "L4", | C21: "L4", | D21: "H5", | E21: "C",
A22: "H2", | B22: "H1", | C22: "L1", | D22: "L1", | E22: "H3",
... A77: "H2", | B77: "L1", | C77: "H2", | D77: "H3", | E77: "H3",
E78: "H4",
E79: "H4",
E80: "H3",
E81: "H3",
E82: "H2",
E83: "H2",
E84: "H3",
E85: "H4",
E86: "H3",
E87: "H2",
E88: "H3",
E89: "H2",
... E1201: "L4",

Sheet Row_Structure
A1: BaseA
A2: "H5", | B2: "H5", | C2: "H5", | D2: "L3", | E2: "L3", | F2: "H4", | G2: "H4", | H2: "W", | I2: "L2", | J2: "L2", | K2: "H3", | L2: "H3", | M2: "L1", | N2: "L1", | O2: "H2", | P2: "H2", | Q2: "H4", | R2: "H4", | S2: "H2", | T2: "H2", | U2: "H1", | V2: "H1", | W2: "L3", | X2: "L3", | Y2: "W", | Z2: "W", | AA2: "H4", | AB2: "H4", | AC2: "L1", | AD2: "L1", | AE2: "L2", | AF2: "L2", | AG2: "L2", | AH2: "H5", | AI2: rn1, | AJ2: rn1, | AK2: rn1, | AL2: rn1, | AM2: rn1, | AN2: rn1, | AO2: rn1, | AP2: rn1, | AQ2: rn1, | AR2: "H5", | AS2: "H2", | AT2: "H2", | AU2: "H4", | AV2: "H4", | AW2: "L2", | AX2: "L2", | AY2: "H1", | AZ2: "H1", | BA2: "L3", | BB2: "L3", | BC2: "L3", | BD2: "L4", | BE2: "L4", | BF2: "L4", | BG2: "L4", | BH2: "L4", | BI2: "L3", | BJ2: "L3", | BK2: "L3", | BL2: "L1", | BM2: "L1", | BN2: "H3", | BO2: rn1, | BP2: rn1, | BQ2: rn1, | BR2: rn1, | BS2: rn1, | BT2: rn1, | BU2: rn1, | BV2: rn1, | BW2: "H3", | BX2: "H3", | BY2: "L4", | BZ2: "L4", | CA2: "L1", | CB2: "L4", | CC2: "L4", | CD2: "L4", | CE2: "H3", | CF2: "H3", | CG2: "L3", | CH2: "L3", | CI2: "L3", | CJ2: "L1", | CK2: "L1", | CL2: "L1", | CM2: "L2", | CN2: "L2", | CO2: "L2", | CP2: "H1", | CQ2: "H1", | CR2: "H4", | CS2: "H4", | CT2: "H4", | CU2: "L4", | CV2: "L4", | CW2: "L2", | CX2: "L2", | CY2: "L1", | CZ2: "L1", | DA2: "L4", | DB2: "L4", | DC2: "H5", | DD2: "H5", | DE2: "H5", | DF2: "H3", | DG2: "H3", | DH2: "H5", | DI2: "H5", | DJ2: "H5", | DK2: "H2", | DL2: "H2", | DM2: "H1",
A3: "L3", | B3: "L3", | C3: "L3", | D3: "H4", | E3: "H4", | F3: "H4", | G3: "H5", | H3: "H5", | I3: "H5", | J3: "L2", | K3: "L2", | L3: "H3", | M3: "H3", | N3: "H2", | O3: "H2", | P3: "H4", | Q3: "H4", | R3: "L3", | S3: "L3", | T3: "H2", | U3: "H2", | V3: "W", | W3: "W", | X3: "L1", | Y3: "L1", | Z3: "L2", | AA3: "L2", | AB3: "H4", | AC3: "H4", | AD3: "H2", | AE3: "H2", | AF3: "L2", | AG3: "L2", | AH3: "L2", | AI3: rn1, | AJ3: rn1, | AK3: rn1, | AL3: rn1, | AM3: rn1, | AN3: rn1, | AO3: rn1, | AP3: rn1, | AQ3: rn1, | AR3: "H1", | AS3: "H1", | AT3: "H1", | AU3: "L3", | AV3: "L3", | AW3: "L4", | AX3: "L4", | AY3: "H5", | AZ3: "H5", | BA3: "H3", | BB3: "L1", | BC3: "L1", | BD3: rn1, | BE3: rn1, | BF3: rn1, | BG3: rn1, | BH3: rn1, | BI3: rn1, | BJ3: rn1, | BK3: rn1, | BL3: "L4", | BM3: "L4", | BN3: "L3", | BO3: "L3", | BP3: "L3", | BQ3: "H3", | BR3: "H3", | BS3: "L1", | BT3: "L1", | BU3: "W", | BV3: "L4", | BW3: "L1", | BX3: "L4", | BY3: "L4", | BZ3: "L4", | CA3: "H3", | CB3: "H3", | CC3: "L3", | CD3: "L3", | CE3: "L1", | CF3: "L1", | CG3: "L1", | CH3: "L2", | CI3: "L2", | CJ3: "L2", | CK3: "H1", | CL3: "H1", | CM3: "H4", | CN3: "H4", | CO3: "H4", | CP3: "L4", | CQ3: "L4", | CR3: "L2", | CS3: "L2", | CT3: "L1", | CU3: "L1", | CV3: "L4", | CW3: "L4", | CX3: "H5", | CY3: "H5", | CZ3: "H5", | DA3: "L4", | DB3: "H3", | DC3: "L4", | DD3: "H3", | DE3: "H5", | DF3: "H5", | DG3: "H5", | DH3: "H2", | DI3: "H2", | DJ3: "L3", | DK3: "L3", | DL3: "H1",
A4: "L3", | B4: "L3", | C4: "L3", | D4: "H2", | E4: "H2", | F4: "H4", | G4: "H4", | H4: "L2", | I4: "L2", | J4: "W", | K4: "H3", | L4: "H3", | M4: "H2", | N4: "H2", | O4: "H4", | P4: "H4", | Q4: "H5", | R4: "H5", | S4: "H5", | T4: "L3", | U4: "L3", | V4: "W", | W4: "W", | X4: "H4", | Y4: "H4", | Z4: "L1", | AA4: "L1", | AB4: "L2", | AC4: "L2", | AD4: "H2", | AE4: "H2", | AF4: "H4", | AG4: "H4", | AH4: "L2", | AI4: rn1, | AJ4: rn1, | AK4: rn1, | AL4: rn1, | AM4: rn1, | AN4: rn1, | AO4: rn1, | AP4: rn1, | AQ4: rn1, | AR4: "L2", | AS4: "L2", | AT4: "H1", | AU4: "H1", | AV4: "L3", | AW4: "L3", | AX4: "L4", | AY4: "L4", | AZ4: "H5", | BA4: "H5", | BB4: "L1", | BC4: "L1", | BD4: "H3", | BE4: "H3", | BF4: "H3", | BG4: "L4", | BH4: "L4", | BI4: "L3", | BJ4: "L3", | BK4: "L3", | BL4: "H2", | BM4: "H2", | BN4: rn1, | BO4: rn1, | BP4: rn1, | BQ4: rn1, | BR4: rn1, | BS4: rn1, | BT4: rn1, | BU4: rn1, | BV4: "L1", | BW4: "L1", | BX4: "L4", | BY4: "L1", | BZ4: "H1", | CA4: "H1", | CB4: "L4", | CC4: "L4", | CD4: "L4", | CE4: "H3", | CF4: "H3", | CG4: "L3", | CH4: "L3", | CI4: "L1", | CJ4: "L1", | CK4: "L1", | CL4: "L2", | CM4: "L2", | CN4: "H1", | CO4: "H1", | CP4: "H4", | CQ4: "H4", | CR4: "H4", | CS4: "L4", | CT4: "L4", | CU4: "L2", | CV4: "L2", | CW4: "L2", | CX4: "L1", | CY4: "L1", | CZ4: "L4", | DA4: "L4", | DB4: "H5", | DC4: "H5", | DD4: "H5", | DE4: "L4", | DF4: "L4", | DG4: "H3", | DH4: "H3", | DI4: "H3", | DJ4: "H5", | DK4: "H5", | DL4: "H5", | DM4: "L3", | DN4: "L3", | DO4: "H1",
A5: "H5", | B5: "H5", | C5: "H5", | D5: "L1", | E5: "L1", | F5: "W", | G5: "L3", | H5: "L3", | I5: "L3", | J5: "H4", | K5: "H4", | L5: "H4", | M5: rn1, | N5: rn1, | O5: rn1, | P5: rn1, | Q5: rn1, | R5: rn1, | S5: rn1, | T5: rn1, | U5: rn1, | V5: "L2", | W5: "L2", | X5: "H3", | Y5: "H3", | Z5: "H2", | AA5: "H2", | AB5: "H4", | AC5: "H4", | AD5: "H2", | AE5: "H2", | AF5: "L3", | AG5: "L3", | AH5: "W", | AI5: "W", | AJ5: "L1", | AK5: "L1", | AL5: "L2", | AM5: "L2", | AN5: "H4", | AO5: "H4", | AP5: "H2", | AQ5: "H2", | AR5: "L2", | AS5: "L2", | AT5: "L2", | AU5: "L4", | AV5: "L4", | AW5: "H5", | AX5: "H5", | AY5: "H3", | AZ5: "H1", | BA5: "H1", | BB5: "H1", | BC5: "L3", | BD5: "L3", | BE5: rn1, | BF5: rn1, | BG5: rn1, | BH5: rn1, | BI5: rn1, | BJ5: rn1, | BK5: rn1, | BL5: "H3", | BM5: "H3", | BN5: "L4", | BO5: "L4", | BP5: "L3", | BQ5: "L3", | BR5: "L3", | BS5: "L1", | BT5: "L1", | BU5: "L4", | BV5: "L1", | BW5: "L4", | BX5: "L4", | BY5: "L4", | BZ5: "H3", | CA5: "H3", | CB5: "L3", | CC5: "L3", | CD5: "L1", | CE5: "L1", | CF5: "L1", | CG5: "L2", | CH5: "L2", | CI5: "L2", | CJ5: "H1", | CK5: "H1", | CL5: "H4", | CM5: "H4", | CN5: "H4", | CO5: "L4", | CP5: "L4", | CQ5: "L2", | CR5: "L2", | CS5: "L1", | CT5: "L1", | CU5: "L4", | CV5: "L4", | CW5: "H5", | CX5: "H5", | CY5: "H5", | CZ5: "L4", | DA5: "H3", | DB5: "L4", | DC5: "H3", | DD5: "H5", | DE5: "H5", | DF5: "H5", | DG5: "H2", | DH5: "H2", | DI5: "L3", | DJ5: "L3", | DK5: "H1",
A6: "L1", | B6: "L1", | C6: "L3", | D6: "L3", | E6: "L3", | F6: "H4", | G6: "H4", | H6: "W", | I6: "H2", | J6: "H2", | K6: "H5", | L6: "H5", | M6: rn1, | N6: rn1, | O6: rn1, | P6: rn1, | Q6: rn1, | R6: rn1, | S6: rn1, | T6: rn1, | U6: rn1, | V6: "H5", | W6: "L2", | X6: "L2", | Y6: "H3", | Z6: "H3", | AA6: "H2", | AB6: "H2", | AC6: "H4", | AD6: "H4", | AE6: "H1", | AF6: "H1", | AG6: "L3", | AH6: "L3", | AI6: "W", | AJ6: "W", | AK6: "H4", | AL6: "H4", | AM6: "L1", | AN6: "L1", | AO6: "L2", | AP6: "L2", | AQ6: "L2", | AR6: "H2", | AS6: "H2", | AT6: "H4", | AU6: "H4", | AV6: "L2", | AW6: "L2", | AX6: "H5", | AY6: "H5", | AZ6: "H1", | BA6: "H1", | BB6: "L3", | BC6: "L3", | BD6: "L3", | BE6: "L4", | BF6: "L4", | BG6: rn1, | BH6: rn1, | BI6: rn1, | BJ6: rn1, | BK6: rn1, | BL6: rn1, | BM6: "L3", | BN6: "L3", | BO6: "H3", | BP6: "H3", | BQ6: "H3", | BR6: "L4", | BS6: "L4", | BT6: "L4", | BU6: "L1", | BV6: "L1", | BW6: "L4", | BX6: "L4", | BY6: "L1", | BZ6: "L4", | CA6: "L4", | CB6: "L4", | CC6: "H3", | CD6: "H3", | CE6: "L3", | CF6: "L3", | CG6: "L3", | CH6: "L1", | CI6: "L1", | CJ6: "L1", | CK6: "L2", | CL6: "L2", | CM6: "L2", | CN6: "H1", | CO6: "H1", | CP6: "H4", | CQ6: "H4", | CR6: "H4", | CS6: "L4", | CT6: "L4", | CU6: "L2", | CV6: "L2", | CW6: "L1", | CX6: "L1", | CY6: "L4", | CZ6: "L4", | DA6: "H5", | DB6: "H5", | DC6: "H5", | DD6: "H3", | DE6: "H3", | DF6: "H5", | DG6: "H5", | DH6: "H5", | DI6: "H2", | DJ6: "H2", | DK6: "H1",
A8: BaseB
A9: "L3", | B9: "L2", | C9: "L2", | D9: "QH", | E9: "QH", | F9: "QH", | G9: "L4", | H9: "H4", | I9: "H5", | J9: "L4", | K9: "C", | L9: "L2", | M9: "H4", | N9: "H4", | O9: "L1", | P9: "QH", | Q9: "L1", | R9: "H3", | S9: "L3", | T9: "H4", | U9: "H2", | V9: "H5", | W9: "QH", | X9: "QH", | Y9: "H3", | Z9: "H3", | AA9: "H1", | AB9: "C", | AC9: "L2", | AD9: "L3", | AE9: "L1", | AF9: "L1", | AG9: "H5", | AH9: "QH", | AI9: "QH", | AJ9: "QH", | AK9: "L1", | AL9: "H1", | AM9: "L3", | AN9: "L2", | AO9: "H1", | AP9: "H5", | AQ9: "H5", | AR9: "H3", | AS9: "QH", | AT9: "L4", | AU9: "L4", | AV9: "H4", | AW9: "H5", | AX9: "H2", | AY9: "L4", | AZ9: "QH", | BA9: "QH", | BB9: "L1", | BC9: "L4", | BD9: "H2", | BE9: "L3", | BF9: "L1", | BG9: "L4", | BH9: "L1", | BI9: "QH", | BJ9: "L2", | BK9: "L2", | BL9: "L4", | BM9: "L4", | BN9: "L2", | BO9: "L3", | BP9: "QH", | BQ9: "QH", | BR9: "L3", | BS9: "H4", | BT9: "H5", | BU9: "L3", | BV9: "H3", | BW9: "L3", | BX9: "H2",
A10: "L2", | B10: "L3", | C10: "H4", | D10: "QH", | E10: "QH", | F10: "QH", | G10: "L1", | H10: "H5", | I10: "H3", | J10: "H5", | K10: "L4", | L10: "H4", | M10: "L4", | N10: "L4", | O10: "H2", | P10: "QH", | Q10: "H5", | R10: "L1", | S10: "L4", | T10: "H1", | U10: "H2", | V10: "H4", | W10: "QH", | X10: "QH", | Y10: "L3", | Z10: "H5", | AA10: "L4", | AB10: "H3", | AC10: "H5", | AD10: "L1", | AE10: "L3", | AF10: "L1", | AG10: "L4", | AH10: "QH", | AI10: "QH", | AJ10: "QH", | AK10: "L1", | AL10: "L3", | AM10: "L3", | AN10: "L1", | AO10: "L4", | AP10: "H3", | AQ10: "L1", | AR10: "H5", | AS10: "QH", | AT10: "H1", | AU10: "H1", | AV10: "L2", | AW10: "L4", | AX10: "L2", | AY10: "H4", | AZ10: "QH", | BA10: "QH", | BB10: "L3", | BC10: "L2", | BD10: "H2", | BE10: "H4", | BF10: "L2", | BG10: "H4", | BH10: "L3", | BI10: "QH", | BJ10: "L2", | BK10: "H2", | BL10: "H3", | BM10: "L3", | BN10: "L3", | BO10: "L4", | BP10: "QH", | BQ10: "QH", | BR10: "H5", | BS10: "H3", | BT10: "L2", | BU10: "L2", | BV10: "L1",
A11: "H5", | B11: "L4", | C11: "L1", | D11: "QH", | E11: "QH", | F11: "QH", | G11: "L2", | H11: "L4", | I11: "H3", | J11: "L3", | K11: "H5", | L11: "L4", | M11: "L2", | N11: "H4", | O11: "H4", | P11: "QH", | Q11: "L2", | R11: "H3", | S11: "L4", | T11: "L1", | U11: "L4", | V11: "H3", | W11: "QH", | X11: "QH", | Y11: "L4", | Z11: "H3", | AA11: "H5", | AB11: "H5", | AC11: "L3", | AD11: "L3", | AE11: "H5", | AF11: "H4", | AG11: "L1", | AH11: "QH", | AI11: "QH", | AJ11: "QH", | AK11: "H5", | AL11: "H4", | AM11: "L3", | AN11: "H2", | AO11: "L4", | AP11: "L1", | AQ11: "L3", | AR11: "L3", | AS11: "QH", | AT11: "L2", | AU11: "L2", | AV11: "L2", | AW11: "L3", | AX11: "L3", | AY11: "H1", | AZ11: "QH", | BA11: "QH", | BB11: "L1", | BC11: "L4", | BD11: "H4", | BE11: "L1", | BF11: "H4", | BG11: "H2", | BH11: "H2", | BI11: "QH", | BJ11: "L1", | BK11: "L1", | BL11: "L2", | BM11: "H5", | BN11: "H3", | BO11: "L4", | BP11: "QH", | BQ11: "QH", | BR11: "H1", | BS11: "L3", | BT11: "L2", | BU11: "H1", | BV11: "H2",
A12: "H5", | B12: "H3", | C12: "H1", | D12: "QH", | E12: "QH", | F12: "QH", | G12: "L4", | H12: "H2", | I12: "H4", | J12: "L2", | K12: "L3", | L12: "H4", | M12: "H5", | N12: "L1", | O12: "L4", | P12: "QH", | Q12: "L4", | R12: "L4", | S12: "H5", | T12: "L1", | U12: "L3", | V12: "L2", | W12: "QH", | X12: "QH", | Y12: "H5", | Z12: "H2", | AA12: "L2", | AB12: "L4", | AC12: "L3", | AD12: "H4", | AE12: "L1", | AF12: "L1", | AG12: "H4", | AH12: "QH", | AI12: "QH", | AJ12: "QH", | AK12: "L3", | AL12: "L1", | AM12: "H5", | AN12: "L2", | AO12: "H3", | AP12: "L3", | AQ12: "L1", | AR12: "L1", | AS12: "QH", | AT12: "H5", | AU12: "H1", | AV12: "H4", | AW12: "L2", | AX12: "L3", | AY12: "H2", | AZ12: "QH", | BA12: "QH", | BB12: "H4", | BC12: "H5", | BD12: "L2", | BE12: "L2", | BF12: "L2", | BG12: "L3", | BH12: "H3", | BI12: "QH", | BJ12: "L4", | BK12: "L3", | BL12: "L1", | BM12: "L4", | BN12: "L3", | BO12: "H2", | BP12: "QH", | BQ12: "QH", | BR12: "H3", | BS12: "H1", | BT12: "L4", | BU12: "L4", | BV12: "H3",
A13: "L1", | B13: "L4", | C13: "L4", | D13: "QH", | E13: "QH", | F13: "QH", | G13: "L3", | H13: "L2", | I13: "H5", | J13: "L1", | K13: "C", | L13: "H1", | M13: "H4", | N13: "H4", | O13: "H5", | P13: "QH", | Q13: "L2", | R13: "H3", | S13: "H5", | T13: "L1", | U13: "L3", | V13: "H5", | W13: "QH", | X13: "QH", | Y13: "H4", | Z13: "L3", | AA13: "L3", | AB13: "C", | AC13: "H3", | AD13: "L4", | AE13: "L4", | AF13: "H4", | AG13: "H1", | AH13: "QH", | AI13: "QH", | AJ13: "QH", | AK13: "H2", | AL13: "L2", | AM13: "L3", | AN13: "L1", | AO13: "L1", | AP13: "L2", | AQ13: "L2", | AR13: "L1", | AS13: "QH", | AT13: "H5", | AU13: "L4", | AV13: "H1", | AW13: "H3", | AX13: "H4", | AY13: "L4", | AZ13: "QH", | BA13: "QH", | BB13: "L2", | BC13: "L3", | BD13: "L4", | BE13: "H5", | BF13: "L2", | BG13: "H2", | BH13: "L1", | BI13: "QH", | BJ13: "L4", | BK13: "H4", | BL13: "L3", | BM13: "H3", | BN13: "L4", | BO13: "L2", | BP13: "QH", | BQ13: "QH", | BR13: "H2", | BS13: "H2", | BT13: "L3", | BU13: "H5", | BV13: "L3", | BW13: "H3", | BX13: "L1",
A15: BaseC
A16: "L3", | B16: "L2", | C16: "L2", | D16: "QH", | E16: "L4", | F16: "H4", | G16: "H5", | H16: "L4", | I16: "QH", | J16: "QH", | K16: "QH", | L16: "L2", | M16: "H4", | N16: "H4", | O16: "L1", | P16: "L1", | Q16: "QH", | R16: "QH", | S16: "H3", | T16: "L3", | U16: "H4", | V16: "H2", | W16: "H5", | X16: "H3", | Y16: "H3", | Z16: "H1", | AA16: "QH", | AB16: "L2", | AC16: "L3", | AD16: "L1", | AE16: "L1", | AF16: "H5", | AG16: "L1", | AH16: "H1", | AI16: "QH", | AJ16: "QH", | AK16: "L3", | AL16: "L2", | AM16: "H1", | AN16: "H5", | AO16: "QH", | AP16: "QH", | AQ16: "QH", | AR16: "H5", | AS16: "H3", | AT16: "L4", | AU16: "L4", | AV16: "QH", | AW16: "H4", | AX16: "H5", | AY16: "H2", | AZ16: "L4", | BA16: "L1", | BB16: "L4", | BC16: "H2", | BD16: "QH", | BE16: "QH", | BF16: "L3", | BG16: "L1", | BH16: "L4", | BI16: "L1", | BJ16: "L2", | BK16: "L2", | BL16: "QH", | BM16: "QH", | BN16: "L4", | BO16: "L4", | BP16: "L2", | BQ16: "L3", | BR16: "L3", | BS16: "H4", | BT16: "QH", | BU16: "H5", | BV16: "L3", | BW16: "H3", | BX16: "L3", | BY16: "H2",
A17: "L2", | B17: "L3", | C17: "H4", | D17: "QH", | E17: "L1", | F17: "H5", | G17: "H3", | H17: "H5", | I17: "QH", | J17: "QH", | K17: "QH", | L17: "L4", | M17: "H4", | N17: "L4", | O17: "L4", | P17: "H2", | Q17: "QH", | R17: "QH", | S17: "H5", | T17: "L1", | U17: "L4", | V17: "H1", | W17: "H2", | X17: "H4", | Y17: "L3", | Z17: "H5", | AA17: "QH", | AB17: "L4", | AC17: "H3", | AD17: "H5", | AE17: "L1", | AF17: "L3", | AG17: "L1", | AH17: "L4", | AI17: "QH", | AJ17: "QH", | AK17: "L1", | AL17: "L3", | AM17: "L3", | AN17: "L1", | AO17: "QH", | AP17: "QH", | AQ17: "QH", | AR17: "L4", | AS17: "H3", | AT17: "L1", | AU17: "H5", | AV17: "QH", | AW17: "H1", | AX17: "H1", | AY17: "L2", | AZ17: "L4", | BA17: "L2", | BB17: "H4", | BC17: "L3", | BD17: "QH", | BE17: "QH", | BF17: "L2", | BG17: "H2", | BH17: "H4", | BI17: "L2", | BJ17: "H4", | BK17: "L3", | BL17: "QH", | BM17: "QH", | BN17: "L2", | BO17: "H2", | BP17: "H3", | BQ17: "L3", | BR17: "L3", | BS17: "L4", | BT17: "QH", | BU17: "H5", | BV17: "H3", | BW17: "L2", | BX17: "L2", | BY17: "L1",
A18: "H5", | B18: "L4", | C18: "L1", | D18: "QH", | E18: "L2", | F18: "L4", | G18: "H3", | H18: "L3", | I18: "QH", | J18: "QH", | K18: "QH", | L18: "H5", | M18: "L4", | N18: "L2", | O18: "H4", | P18: "H4", | Q18: "QH", | R18: "QH", | S18: "L2", | T18: "H3", | U18: "L4", | V18: "L1", | W18: "L4", | X18: "H3", | Y18: "L4", | Z18: "H3", | AA18: "QH", | AB18: "H5", | AC18: "H5", | AD18: "L3", | AE18: "L3", | AF18: "H5", | AG18: "H4", | AH18: "L1", | AI18: "QH", | AJ18: "QH", | AK18: "H5", | AL18: "H4", | AM18: "L3", | AN18: "H2", | AO18: "QH", | AP18: "QH", | AQ18: "QH", | AR18: "L4", | AS18: "L1", | AT18: "L3", | AU18: "L3", | AV18: "QH", | AW18: "L2", | AX18: "L2", | AY18: "L2", | AZ18: "L3", | BA18: "L3", | BB18: "H1", | BC18: "L1", | BD18: "QH", | BE18: "QH", | BF18: "L4", | BG18: "H4", | BH18: "L1", | BI18: "H4", | BJ18: "H2", | BK18: "H2", | BL18: "QH", | BM18: "QH", | BN18: "L1", | BO18: "L1", | BP18: "L2", | BQ18: "H5", | BR18: "H3", | BS18: "L4", | BT18: "QH", | BU18: "H1", | BV18: "L3", | BW18: "L2", | BX18: "H1", | BY18: "H2",
A19: "H5", | B19: "H3", | C19: "H1", | D19: "QH", | E19: "L4", | F19: "H2", | G19: "H4", | H19: "L2", | I19: "QH", | J19: "QH", | K19: "QH", | L19: "L3", | M19: "H4", | N19: "H5", | O19: "L1", | P19: "L4", | Q19: "QH", | R19: "QH", | S19: "L4", | T19: "L4", | U19: "H5", | V19: "L1", | W19: "L3", | X19: "L2", | Y19: "H5", | Z19: "H2", | AA19: "QH", | AB19: "L2", | AC19: "L4", | AD19: "L3", | AE19: "H4", | AF19: "L1", | AG19: "L1", | AH19: "H4", | AI19: "QH", | AJ19: "QH", | AK19: "L3", | AL19: "L1", | AM19: "H5", | AN19: "L2", | AO19: "QH", | AP19: "QH", | AQ19: "QH", | AR19: "H3", | AS19: "L3", | AT19: "L1", | AU19: "L1", | AV19: "QH", | AW19: "H5", | AX19: "H1", | AY19: "H4", | AZ19: "L2", | BA19: "L3", | BB19: "H2", | BC19: "H4", | BD19: "QH", | BE19: "QH", | BF19: "H5", | BG19: "L2", | BH19: "L2", | BI19: "L2", | BJ19: "L3", | BK19: "H3", | BL19: "QH", | BM19: "QH", | BN19: "L4", | BO19: "L3", | BP19: "L1", | BQ19: "L4", | BR19: "L3", | BS19: "H2", | BT19: "QH", | BU19: "H3", | BV19: "H1", | BW19: "L4", | BX19: "L4", | BY19: "H3",
A20: "H1", | B20: "H2", | C20: "H2", | D20: "H1", | E20: "H4", | F20: "H1", | G20: "H3", | H20: "H2", | I20: "H1", | J20: "H2", | K20: "H4", | L20: "H2", | M20: "H4", | N20: "H2", | O20: "H2", | P20: "H2", | Q20: "H3", | R20: "H1", | S20: "H4", | T20: "H4", | U20: "C", | V20: "H3", | W20: "H2", | X20: "H4", | Y20: "H3", | Z20: "H4", | AA20: "H3", | AB20: "H2", | AC20: "H4", | AD20: "H3", | AE20: "H4", | AF20: "H3", | AG20: "H1", | AH20: "H3", | AI20: "H3", | AJ20: "H4", | AK20: "H2", | AL20: "H3", | AM20: "H3", | AN20: "H3", | AO20: "H1", | AP20: "H3", | AQ20: "H3", | AR20: "H4", | AS20: "H3", | AT20: "H3", | AU20: "H1", | AV20: "H3", | AW20: "H4", | AX20: "H3", | AY20: "H3", | AZ20: "H4", | BA20: "H4", | BB20: "H4", | BC20: "H4", | BD20: "H3", | BE20: "H3", | BF20: "H3", | BG20: "H4", | BH20: "H2", | BI20: "H4", | BJ20: "H4", | BK20: "H4", | BL20: "H3", | BM20: "H2", | BN20: "H3", | BO20: "H3", | BP20: "H4", | BQ20: "H1", | BR20: "H2", | BS20: "H4", | BT20: "H2", | BU20: "H3", | BV20: "H4", | BW20: "H2", | BX20: "H4", | BY20: "H3", | BZ20: "H4", | CA20: "H4", | CB20: "H3", | CC20: "H3", | CD20: "H2", | CE20: "H2", | CF20: "H3", | CG20: "H4", | CH20: "H3", | CI20: "H2", | CJ20: "H3", | CK20: "H2", | CL20: "H3", | CM20: "H2", | CN20: "H3", | CO20: "H3", | CP20: "H3", | CQ20: "H2", | CR20: "H4", | CS20: "H1", | CT20: "H1", | CU20: "H1", | CV20: "H2", | CW20: "H4", | CX20: "H4", | CY20: "H1", | CZ20: "H3", | DA20: "H3", | DB20: "H4", | DC20: "H1", | DD20: "H3", | DE20: "H3", | DF20: "H2", | DG20: "H3", | DH20: "H1", | DI20: "H3", | DJ20: "H3", | DK20: "H1", | DL20: "H3", | DM20: "H3", | DN20: "H2", | DO20: "H3", | DP20: "H3", | DQ20: "H3", | DR20: "H3", | DS20: "H4", | DT20: "H2", | DU20: "H3", | DV20: "H3", | DW20: "H4", | DX20: "H3", | DY20: "H4", | DZ20: "H3", | EA20: "H3", | EB20: "H1", | EC20: "H3", | ED20: "H2", | EE20: "H3", | EF20: "H2", | EG20: "H4", | EH20: "H2", | EI20: "H4", | EJ20: "H4", | EK20: "H1", | EL20: "H2", | EM20: "H2", | EN20: "H3", | EO20: "H3", | EP20: "H4", | EQ20: "H1", | ER20: "H3", | ES20: "H2", | ET20: "H4", | EU20: "H2", | EV20: "H3", | EW20: "H4", | EX20: "H4", | EY20: "H3", | EZ20: "H1", | FA20: "H3", | FB20: "H2", | FC20: "H3", | FD20: "H4", | FE20: "H2", | FF20: "H3", | FG20: "H3", | FH20: "H1", | FI20: "H1", | FJ20: "H4", | FK20: "H4", | FL20: "H1", | FM20: "H3", | FN20: "H3", | FO20: "H2", | FP20: "H2", | FQ20: "H3", | FR20: "H4", | FS20: "H4", | FT20: "H2", | FU20: "H4", | FV20: "H4", | FW20: "H4", | FX20: "H1", | FY20: "H3", | FZ20: "H3", | GA20: "H2", | GB20: "H3", | GC20: "H4", | GD20: "H3", | GE20: "H2", | GF20: "H4", | GG20: "H2", | GH20: "H3", | GI20: "H3", | GJ20: "H2", | GK20: "H2", | GL20: "H1", | GM20: "H4", | GN20: "H1", | GO20: "H4", | GP20: "H2", | GQ20: "H1", | GR20: "H2", | GS20: "H4", | GT20: "H3", | GU20: "H1", | GV20: "H4", | GW20: "H3", | GX20: "H4", | GY20: "H4", | GZ20: "H3", | HA20: "H1", | HB20: "H1", | HC20: "H1", | HD20: "H3", | HE20: "H2", | HF20: "H4", | HG20: "H3", | HH20: "H4", | HI20: "H4", | HJ20: "H4", | HK20: "H2", | HL20: "H1", | HM20: "H1", | HN20: "H2", | HO20: "H2", | HP20: "H1", | HQ20: "H3", | HR20: "H2", | HS20: "H3", | HT20: "H1", | HU20: "H1", | HV20: "H1", | HW20: "H4", | HX20: "H4", | HY20: "H4", | HZ20: "H4", | IA20: "H2", | IB20: "H2", | IC20: "H4", | ID20: "H2", | IE20: "H2", | IF20: "H3", | IG20: "H2", | IH20: "H2", | II20: "H4", | IJ20: "H4", | IK20: "H2", | IL20: "H1", | IM20: "H2", | IN20: "H1", | IO20: "H3", | IP20: "H4", | IQ20: "H4", | IR20: "H3", | IS20: "H4", | IT20: "H1", | IU20: "H3", | IV20: "H3", | IW20: "H4", | IX20: "H2", | IY20: "H2", | IZ20: "H4", | JA20: "H3", | JB20: "H2", | JC20: "H4", | JD20: "H3", | JE20: "H3", | JF20: "H2", | JG20: "H1", | JH20: "H3", | JI20: "H4", | JJ20: "H3", | JK20: "H1", | JL20: "H1", | JM20: "H4", | JN20: "H1", | JO20: "H4", | JP20: "H3", | JQ20: "H2", | JR20: "H4", | JS20: "H3", | JT20: "H3", | JU20: "H2", | JV20: "H1", | JW20: "H2", | JX20: "H3", | JY20: "H4", | JZ20: "H2", | KA20: "H1", | KB20: "H2", | KC20: "H4", | KD20: "H1", | KE20: "H2", | KF20: "H2", | KG20: "H1", | KH20: "H4", | KI20: "H2", | KJ20: "H2", | KK20: "H4", | KL20: "H3", | KM20: "H4", | KN20: "H4", | KO20: "H2", | KP20: "H4", | KQ20: "H4", | KR20: "H4", | KS20: "H4", | KT20: "H4", | KU20: "H4", | KV20: "H4", | KW20: "H4", | KX20: "H4", | KY20: "H4", | KZ20: "H4", | LA20: "H4", | LB20: "H4", | LC20: "H4", | LD20: "H4", | LE20: "H4", | LF20: "H4", | LG20: "H4", | LH20: "H4", | LI20: "H4", | LJ20: "H4", | LK20: "H4", | LL20: "H4", | LM20: "H4", | LN20: "H4", | LO20: "H4", | LP20: "H4", | LQ20: "H4", | LR20: "H4", | LS20: "H4", | LT20: "H4", | LU20: "H4", | LV20: "H4", | LW20: "H4", | LX20: "H4", | LY20: "H4", | LZ20: "H5", | MA20: "H5", | MB20: "H5", | MC20: "H5", | MD20: "H5", | ME20: "H5", | MF20: "H5", | MG20: "H5", | MH20: "H5", | MI20: "H5", | MJ20: "H5", | MK20: "H5", | ML20: "H5", | MM20: "H5", | MN20: "H5", | MO20: "H5", | MP20: "H5", | MQ20: "H5", | MR20: "H5", | MS20: "H5", | MT20: "H5", | MU20: "H5", | MV20: "H5", | MW20: "H5", | MX20: "H5", | MY20: "H5", | MZ20: "H5", | NA20: "H5", | NB20: "H5", | NC20: "H5", | ND20: "H5", | NE20: "H5", | NF20: "H5", | NG20: "H5", | NH20: "H5", | NI20: "H5", | NJ20: "H5", | NK20: "H5", | NL20: "H5", | NM20: "H5", | NN20: "H5", | NO20: "H5", | NP20: "H5", | NQ20: "H5", | NR20: "H5", | NS20: "H5", | NT20: "H5", | NU20: "H5", | NV20: "H5", | NW20: "H5", | NX20: "H5", | NY20: "H5", | NZ20: "H5", | OA20: "H5", | OB20: "H5", | OC20: "H5", | OD20: "H5", | OE20: "H5", | OF20: "H5", | OG20: "H5", | OH20: "H5", | OI20: "H5", | OJ20: "H5", | OK20: "H5", | OL20: "H5", | OM20: "H5", | ON20: "H5", | OO20: "H5", | OP20: "H5", | OQ20: "H5", | OR20: "H5", | OS20: "H5", | OT20: "H5", | OU20: "H5", | OV20: "H5", | OW20: "H5", | OX20: "H5", | OY20: "H5", | OZ20: "H5", | PA20: "H5", | PB20: "H5", | PC20: "H5", | PD20: "H5", | PE20: "H5", | PF20: "H5", | PG20: "H5", | PH20: "H5", | PI20: "H5", | PJ20: "H5", | PK20: "H5", | PL20: "H5", | PM20: "H5", | PN20: "H5", | PO20: "H5", | PP20: "H5", | PQ20: "H5", | PR20: "H5", | PS20: "H5", | PT20: "H5", | PU20: "H5", | PV20: "H5", | PW20: "H5", | PX20: "H5", | PY20: "H5", | PZ20: "H5", | QA20: "H5", | QB20: "H5", | QC20: "H5", | QD20: "H5", | QE20: "H5", | QF20: "H5", | QG20: "H5", | QH20: "H5", | QI20: "H5", | QJ20: "H5", | QK20: "H5", | QL20: "H5", | QM20: "H5", | QN20: "H5", | QO20: "H5", | QP20: "H5", | QQ20: "H5", | QR20: "H5", | QS20: "H5", | QT20: "H5", | QU20: "H5", | QV20: "H5", | QW20: "H5", | QX20: "H5", | QY20: "H5", | QZ20: "H5", | RA20: "H5", | RB20: "H5", | RC20: "H5", | RD20: "H5", | RE20: "H5", | RF20: "H5", | RG20: "H5", | RH20: "H5", | RI20: "H5", | RJ20: "H5", | RK20: "H5", | RL20: "H5", | RM20: "H5", | RN20: "L1", | RO20: "L1", | RP20: "L1", | RQ20: "L1", | RR20: "L1", | RS20: "L1", | RT20: "L1", | RU20: "L1", | RV20: "L1", | RW20: "L1", | RX20: "L1", | RY20: "L1", | RZ20: "L1", | SA20: "L1", | SB20: "L1", | SC20: "L1", | SD20: "L1", | SE20: "L1", | SF20: "L1", | SG20: "L1", | SH20: "L1", | SI20: "L1", | SJ20: "L1", | SK20: "L1", | SL20: "L1", | SM20: "L1", | SN20: "L1", | SO20: "L1", | SP20: "L1", | SQ20: "L1", | SR20: "L1", | SS20: "L1", | ST20: "L1", | SU20: "L1", | SV20: "L1", | SW20: "L1", | SX20: "L1", | SY20: "L1", | SZ20: "L1", | TA20: "L1", | TB20: "L1", | TC20: "L1", | TD20: "L1", | TE20: "L1", | TF20: "L1", | TG20: "L1", | TH20: "L1", | TI20: "L1", | TJ20: "L1", | TK20: "L1", | TL20: "L1", | TM20: "L1", | TN20: "L1", | TO20: "L1", | TP20: "L1", | TQ20: "L1", | TR20: "L1", | TS20: "L1", | TT20: "L1", | TU20: "L1", | TV20: "L1", | TW20: "L1", | TX20: "L1", | TY20: "L1", | TZ20: "L1", | UA20: "L1", | UB20: "L1", | UC20: "L1", | UD20: "L1", | UE20: "L1", | UF20: "L1", | UG20: "L1", | UH20: "L1", | UI20: "L1", | UJ20: "L1", | UK20: "L1", | UL20: "L1", | UM20: "L1", | UN20: "L1", | UO20: "L1", | UP20: "L1", | UQ20: "L1", | UR20: "L1", | US20: "L1", | UT20: "L1", | UU20: "L1", | UV20: "L1", | UW20: "L1", | UX20: "L1", | UY20: "L1", | UZ20: "L1", | VA20: "L1", | VB20: "L1", | VC20: "L1", | VD20: "L1", | VE20: "L1", | VF20: "L1", | VG20: "L1", | VH20: "L1", | VI20: "L1", | VJ20: "L1", | VK20: "L1", | VL20: "L1", | VM20: "L1", | VN20: "L1", | VO20: "L1", | VP20: "L1", | VQ20: "L1", | VR20: "L1", | VS20: "L1", | VT20: "L1", | VU20: "L1", | VV20: "L1", | VW20: "L1", | VX20: "L1", | VY20: "L1", | VZ20: "L1", | WA20: "L1", | WB20: "L1", | WC20: "L1", | WD20: "L1", | WE20: "L1", | WF20: "L1", | WG20: "L1", | WH20: "L1", | WI20: "L1", | WJ20: "L1", | WK20: "L1", | WL20: "L1", | WM20: "L1", | WN20: "L1", | WO20: "L1", | WP20: "L1", | WQ20: "L1", | WR20: "L1", | WS20: "L1", | WT20: "L1", | WU20: "L1", | WV20: "L1", | WW20: "L1", | WX20: "L1", | WY20: "L1", | WZ20: "L1", | XA20: "L1", | XB20: "L1", | XC20: "L1", | XD20: "L1", | XE20: "L1", | XF20: "L1", | XG20: "L1", | XH20: "L1", | XI20: "L1", | XJ20: "L1", | XK20: "L1", | XL20: "L1", | XM20: "L1", | XN20: "L1", | XO20: "L1", | XP20: "L1", | XQ20: "L1", | XR20: "L1", | XS20: "L1", | XT20: "L1", | XU20: "L1", | XV20: "L1", | XW20: "L1", | XX20: "L1", | XY20: "L1", | XZ20: "L2", | YA20: "L2", | YB20: "L2", | YC20: "L2", | YD20: "L2", | YE20: "L2", | YF20: "L2", | YG20: "L2", | YH20: "L2", | YI20: "L2", | YJ20: "L2", | YK20: "L2", | YL20: "L2", | YM20: "L2", | YN20: "L2", | YO20: "L2", | YP20: "L2", | YQ20: "L2", | YR20: "L2", | YS20: "L2", | YT20: "L2", | YU20: "L2", | YV20: "L2", | YW20: "L2", | YX20: "L2", | YY20: "L2", | YZ20: "L2", | ZA20: "L2", | ZB20: "L2", | ZC20: "L2", | ZD20: "L2", | ZE20: "L2", | ZF20: "L2", | ZG20: "L2", | ZH20: "L2", | ZI20: "L2", | ZJ20: "L2", | ZK20: "L2", | ZL20: "L2", | ZM20: "L2", | ZN20: "L2", | ZO20: "L2", | ZP20: "L2", | ZQ20: "L2", | ZR20: "L2", | ZS20: "L2", | ZT20: "L2", | ZU20: "L2", | ZV20: "L2", | ZW20: "L2", | ZX20: "L2", | ZY20: "L2", | ZZ20: "L2", | AAA20: "L2", | AAB20: "L2", | AAC20: "L2", | AAD20: "L2", | AAE20: "L2", | AAF20: "L2", | AAG20: "L2", | AAH20: "L2", | AAI20: "L2", | AAJ20: "L2", | AAK20: "L2", | AAL20: "L2", | AAM20: "L2", | AAN20: "L2", | AAO20: "L2", | AAP20: "L2", | AAQ20: "L2", | AAR20: "L2", | AAS20: "L2", | AAT20: "L2", | AAU20: "L2", | AAV20: "L2", | AAW20: "L2", | AAX20: "L2", | AAY20: "L2", | AAZ20: "L2", | ABA20: "L2", | ABB20: "L2", | ABC20: "L2", | ABD20: "L2", | ABE20: "L2", | ABF20: "L2", | ABG20: "L2", | ABH20: "L2", | ABI20: "L2", | ABJ20: "L2", | ABK20: "L2", | ABL20: "L2", | ABM20: "L2", | ABN20: "L2", | ABO20: "L2", | ABP20: "L2", | ABQ20: "L2", | ABR20: "L2", | ABS20: "L2", | ABT20: "L2", | ABU20: "L2", | ABV20: "L2", | ABW20: "L2", | ABX20: "L2", | ABY20: "L2", | ABZ20: "L2", | ACA20: "L2", | ACB20: "L2", | ACC20: "L2", | ACD20: "L2", | ACE20: "L2", | ACF20: "L2", | ACG20: "L2", | ACH20: "L2", | ACI20: "L2", | ACJ20: "L2", | ACK20: "L2", | ACL20: "L2", | ACM20: "L2", | ACN20: "L2", | ACO20: "L2", | ACP20: "L2", | ACQ20: "L2", | ACR20: "L2", | ACS20: "L2", | ACT20: "L2", | ACU20: "L2", | ACV20: "L2", | ACW20: "L2", | ACX20: "L2", | ACY20: "L2", | ACZ20: "L2", | ADA20: "L2", | ADB20: "L2", | ADC20: "L2", | ADD20: "L2", | ADE20: "L2", | ADF20: "L2", | ADG20: "L2", | ADH20: "L2", | ADI20: "L2", | ADJ20: "L2", | ADK20: "L2", | ADL20: "L2", | ADM20: "L2", | ADN20: "L2", | ADO20: "L2", | ADP20: "L2", | ADQ20: "L2", | ADR20: "L2", | ADS20: "L2", | ADT20: "L2", | ADU20: "L2", | ADV20: "L2", | ADW20: "L2", | ADX20: "L2", | ADY20: "L2", | ADZ20: "L2", | AEA20: "L2", | AEB20: "L2", | AEC20: "L2", | AED20: "L2", | AEE20: "L2", | AEF20: "L2", | AEG20: "L2", | AEH20: "L2", | AEI20: "L2", | AEJ20: "L2", | AEK20: "L2", | AEL20: "L3", | AEM20: "L3", | AEN20: "L3", | AEO20: "L3", | AEP20: "L3", | AEQ20: "L3", | AER20: "L3", | AES20: "L3", | AET20: "L3", | AEU20: "L3", | AEV20: "L3", | AEW20: "L3", | AEX20: "L3", | AEY20: "L3", | AEZ20: "L3", | AFA20: "L3", | AFB20: "L3", | AFC20: "L3", | AFD20: "L3", | AFE20: "L3", | AFF20: "L3", | AFG20: "L3", | AFH20: "L3", | AFI20: "L3", | AFJ20: "L3", | AFK20: "L3", | AFL20: "L3", | AFM20: "L3", | AFN20: "L3", | AFO20: "L3", | AFP20: "L3", | AFQ20: "L3", | AFR20: "L3", | AFS20: "L3", | AFT20: "L3", | AFU20: "L3", | AFV20: "L3", | AFW20: "L3", | AFX20: "L3", | AFY20: "L3", | AFZ20: "L3", | AGA20: "L3", | AGB20: "L3", | AGC20: "L3", | AGD20: "L3", | AGE20: "L3", | AGF20: "L3", | AGG20: "L3", | AGH20: "L3", | AGI20: "L3", | AGJ20: "L3", | AGK20: "L3", | AGL20: "L3", | AGM20: "L3", | AGN20: "L3", | AGO20: "L3", | AGP20: "L3", | AGQ20: "L3", | AGR20: "L3", | AGS20: "L3", | AGT20: "L3", | AGU20: "L3", | AGV20: "L3", | AGW20: "L3", | AGX20: "L3", | AGY20: "L3", | AGZ20: "L3", | AHA20: "L3", | AHB20: "L3", | AHC20: "L3", | AHD20: "L3", | AHE20: "L3", | AHF20: "L3", | AHG20: "L3", | AHH20: "L3", | AHI20: "L3", | AHJ20: "L3", | AHK20: "L3", | AHL20: "L3", | AHM20: "L3", | AHN20: "L3", | AHO20: "L3", | AHP20: "L3", | AHQ20: "L3", | AHR20: "L3", | AHS20: "L3", | AHT20: "L3", | AHU20: "L3", | AHV20: "L3", | AHW20: "L3", | AHX20: "L3", | AHY20: "L3", | AHZ20: "L3", | AIA20: "L3", | AIB20: "L3", | AIC20: "L3", | AID20: "L3", | AIE20: "L3", | AIF20: "L3", | AIG20: "L3", | AIH20: "L3", | AII20: "L3", | AIJ20: "L3", | AIK20: "L3", | AIL20: "L3", | AIM20: "L3", | AIN20: "L3", | AIO20: "L3", | AIP20: "L3", | AIQ20: "L3", | AIR20: "L3", | AIS20: "L3", | AIT20: "L3", | AIU20: "L3", | AIV20: "L3", | AIW20: "L3", | AIX20: "L3", | AIY20: "L3", | AIZ20: "L3", | AJA20: "L3", | AJB20: "L3", | AJC20: "L3", | AJD20: "L3", | AJE20: "L3", | AJF20: "L3", | AJG20: "L3", | AJH20: "L3", | AJI20: "L3", | AJJ20: "L3", | AJK20: "L3", | AJL20: "L3", | AJM20: "L3", | AJN20: "L3", | AJO20: "L3", | AJP20: "L3", | AJQ20: "L3", | AJR20: "L3", | AJS20: "L3", | AJT20: "L3", | AJU20: "L3", | AJV20: "L3", | AJW20: "L3", | AJX20: "L3", | AJY20: "L3", | AJZ20: "L3", | AKA20: "L3", | AKB20: "L3", | AKC20: "L3", | AKD20: "L3", | AKE20: "L3", | AKF20: "L3", | AKG20: "L3", | AKH20: "L3", | AKI20: "L3", | AKJ20: "L3", | AKK20: "L3", | AKL20: "L3", | AKM20: "L3", | AKN20: "L3", | AKO20: "L3", | AKP20: "L3", | AKQ20: "L3", | AKR20: "L3", | AKS20: "L3", | AKT20: "L3", | AKU20: "L3", | AKV20: "L3", | AKW20: "L3", | AKX20: "L3", | AKY20: "L3", | AKZ20: "L3", | ALA20: "L3", | ALB20: "L3", | ALC20: "L3", | ALD20: "L3", | ALE20: "L3", | ALF20: "L3", | ALG20: "L3", | ALH20: "L3", | ALI20: "L3", | ALJ20: "L3", | ALK20: "L3", | ALL20: "L3", | ALM20: "L3", | ALN20: "L3", | ALO20: "L3", | ALP20: "L3", | ALQ20: "L3", | ALR20: "L3", | ALS20: "L3", | ALT20: "L3", | ALU20: "L3", | ALV20: "L4", | ALW20: "L4", | ALX20: "L4", | ALY20: "L4", | ALZ20: "L4", | AMA20: "L4", | AMB20: "L4", | AMC20: "L4", | AMD20: "L4", | AME20: "L4", | AMF20: "L4", | AMG20: "L4", | AMH20: "L4", | AMI20: "L4", | AMJ20: "L4", | AMK20: "L4", | AML20: "L4", | AMM20: "L4", | AMN20: "L4", | AMO20: "L4", | AMP20: "L4", | AMQ20: "L4", | AMR20: "L4", | AMS20: "L4", | AMT20: "L4", | AMU20: "L4", | AMV20: "L4", | AMW20: "L4", | AMX20: "L4", | AMY20: "L4", | AMZ20: "L4", | ANA20: "L4", | ANB20: "L4", | ANC20: "L4", | AND20: "L4", | ANE20: "L4", | ANF20: "L4", | ANG20: "L4", | ANH20: "L4", | ANI20: "L4", | ANJ20: "L4", | ANK20: "L4", | ANL20: "L4", | ANM20: "L4", | ANN20: "L4", | ANO20: "L4", | ANP20: "L4", | ANQ20: "L4", | ANR20: "L4", | ANS20: "L4", | ANT20: "L4", | ANU20: "L4", | ANV20: "L4", | ANW20: "L4", | ANX20: "L4", | ANY20: "L4", | ANZ20: "L4", | AOA20: "L4", | AOB20: "L4", | AOC20: "L4", | AOD20: "L4", | AOE20: "L4", | AOF20: "L4", | AOG20: "L4", | AOH20: "L4", | AOI20: "L4", | AOJ20: "L4", | AOK20: "L4", | AOL20: "L4", | AOM20: "L4", | AON20: "L4", | AOO20: "L4", | AOP20: "L4", | AOQ20: "L4", | AOR20: "L4", | AOS20: "L4", | AOT20: "L4", | AOU20: "L4", | AOV20: "L4", | AOW20: "L4", | AOX20: "L4", | AOY20: "L4", | AOZ20: "L4", | APA20: "L4", | APB20: "L4", | APC20: "L4", | APD20: "L4", | APE20: "L4", | APF20: "L4", | APG20: "L4", | APH20: "L4", | API20: "L4", | APJ20: "L4", | APK20: "L4", | APL20: "L4", | APM20: "L4", | APN20: "L4", | APO20: "L4", | APP20: "L4", | APQ20: "L4", | APR20: "L4", | APS20: "L4", | APT20: "L4", | APU20: "L4", | APV20: "L4", | APW20: "L4", | APX20: "L4", | APY20: "L4", | APZ20: "L4", | AQA20: "L4", | AQB20: "L4", | AQC20: "L4", | AQD20: "L4", | AQE20: "L4", | AQF20: "L4", | AQG20: "L4", | AQH20: "L4", | AQI20: "L4", | AQJ20: "L4", | AQK20: "L4", | AQL20: "L4", | AQM20: "L4", | AQN20: "L4", | AQO20: "L4", | AQP20: "L4", | AQQ20: "L4", | AQR20: "L4", | AQS20: "L4", | AQT20: "L4", | AQU20: "L4", | AQV20: "L4", | AQW20: "L4", | AQX20: "L4", | AQY20: "L4", | AQZ20: "L4", | ARA20: "L4", | ARB20: "L4", | ARC20: "L4", | ARD20: "L4", | ARE20: "L4", | ARF20: "L4", | ARG20: "L4", | ARH20: "L4", | ARI20: "L4", | ARJ20: "L4", | ARK20: "L4", | ARL20: "L4", | ARM20: "L4", | ARN20: "L4", | ARO20: "L4", | ARP20: "L4", | ARQ20: "L4", | ARR20: "L4", | ARS20: "L4", | ART20: "L4", | ARU20: "L4", | ARV20: "L4", | ARW20: "L4", | ARX20: "L4", | ARY20: "L4", | ARZ20: "L4", | ASA20: "L4", | ASB20: "L4", | ASC20: "L4", | ASD20: "L4", | ASE20: "L4", | ASF20: "L4", | ASG20: "L4", | ASH20: "L4", | ASI20: "L4", | ASJ20: "L4", | ASK20: "L4", | ASL20: "L4", | ASM20: "L4", | ASN20: "L4", | ASO20: "L4", | ASP20: "L4", | ASQ20: "L4", | ASR20: "L4", | ASS20: "L4", | AST20: "L4", | ASU20: "L4", | ASV20: "L4", | ASW20: "L4", | ASX20: "L4", | ASY20: "L4", | ASZ20: "L4", | ATA20: "L4", | ATB20: "L4", | ATC20: "L4", | ATD20: "L4", | ATE20: "L4",

Sheet Bonus_Game1
A1: Ave. Win: | I1: =MathSheet!B7 -> 0.94436523
A2: No. of Slot: | B2: 20 | D2: Chance/Spin | E2: Ave no. of Hit | G2: Prize Distribution
A3: No. of Respin: | B3: 3 | C3: Maximizer: | D3: 0.02 | E3: 0.3497317 | G3: Value | H3: Chance | I3: EV | J3: Ultra-Fireball Chance | K3: Ultra-Fireball EV
A4: Chance of Hit: | B4: 0.039 | C4: 4Fireballs: | D4: 0.03 | E4: 0.63232897 | G4: =BaseB!N25 -> 0.5 | H4: =1-SUM(H5:H24) -> 0.2966 | I4: =G4 * H4 -> 0.1483 | J4: =H4 -> 0.2966 | K4: =G4 * J4 -> 0.1483 | M4: =SUM(H$4:H4) * 10000 -> 2966
G5: =BaseB!N26 -> 1 | H5: 0.3 | I5: =G5 * H5 -> 0.3 | J5: =H5 -> 0.3 | K5: =G5 * J5 -> 0.3 | M5: =SUM(H$4:H5) * 10000 -> 5966
G6: =BaseB!N27 -> 1.5 | H6: 0.13 | I6: =G6 * H6 -> 0.195 | J6: =H6 -> 0.13 | K6: =G6 * J6 -> 0.195 | M6: =SUM(H$4:H6) * 10000 -> 7266
A7: Diagram | G7: =BaseB!N28 -> 2 | H7: 0.09 | I7: =G7 * H7 -> 0.18 | J7: =H7 -> 0.09 | K7: =G7 * J7 -> 0.18 | M7: =SUM(H$4:H7) * 10000 -> 8166
A8: Reel1 | B8: Reel2 | C8: Reel3 | D8: Reel4 | E8: Reel5 | G8: =BaseB!N29 -> 2.5 | H8: 0.05 | I8: =G8 * H8 -> 0.125 | J8: =H8 -> 0.05 | K8: =G8 * J8 -> 0.125 | M8: =SUM(H$4:H8) * 10000 -> 8666
A9: =$B$4 -> 0.039 | B9: =$B$4 -> 0.039 | C9: =$B$4 -> 0.039 | D9: =$B$4 -> 0.039 | E9: =$B$4 -> 0.039 | G9: =BaseB!N30 -> 3 | H9: 0.03 | I9: =G9 * H9 -> 0.09 | J9: =H9 -> 0.03 | K9: =G9 * J9 -> 0.09 | M9: =SUM(H$4:H9) * 10000 -> 8966
A10: =$B$4 -> 0.039 | B10: =$B$4 -> 0.039 | C10: =$B$4 -> 0.039 | D10: =$B$4 -> 0.039 | E10: =$B$4 -> 0.039 | G10: =BaseB!N31 -> 3.5 | H10: 0.02 | I10: =G10 * H10 -> 0.07 | J10: =H10 -> 0.02 | K10: =G10 * J10 -> 0.07 | M10: =SUM(H$4:H10) * 10000 -> 9166
A11: =$B$4 -> 0.039 | B11: =$B$4 -> 0.039 | C11: =$B$4 -> 0.039 | D11: =$B$4 -> 0.039 | E11: =$B$4 -> 0.039 | G11: =BaseB!N32 -> 4 | H11: 0.015 | I11: =G11 * H11 -> 0.06 | J11: =H11 -> 0.015 | K11: =G11 * J11 -> 0.06 | M11: =SUM(H$4:H11) * 10000 -> 9316
A12: =$B$4 -> 0.039 | B12: =$B$4 -> 0.039 | C12: =$B$4 -> 0.039 | D12: =$B$4 -> 0.039 | E12: =$B$4 -> 0.039 | G12: =BaseB!N33 -> 5 | H12: 0.014 | I12: =G12 * H12 -> 0.07 | J12: =H12 -> 0.014 | K12: =G12 * J12 -> 0.07 | M12: =SUM(H$4:H12) * 10000 -> 9456
A13: Chance of no Hit: | B13: =(1-B4) -> 0.961 | G13: =BaseB!N34 -> 6 | H13: 0.012 | I13: =G13 * H13 -> 0.072 | J13: =H13 -> 0.012 | K13: =G13 * J13 -> 0.072 | M13: =SUM(H$4:H13) * 10000 -> 9576
G14: =BaseB!N35 -> 7 | H14: 0.01 | I14: =G14 * H14 -> 0.07 | J14: =H14 -> 0.01 | K14: =G14 * J14 -> 0.07 | M14: =SUM(H$4:H14) * 10000 -> 9676
A15: Chance of no hit (20slots): | B15: =B13^B2 -> 0.45130251 | G15: =BaseB!N36 -> 8 | H15: 0.008 | I15: =G15 * H15 -> 0.064 | J15: =H15 -> 0.008 | K15: =G15 * J15 -> 0.064 | M15: =SUM(H$4:H15) * 10000 -> 9756
G16: =BaseB!N37 -> 9 | H16: 0.006 | I16: =G16 * H16 -> 0.054 | J16: =H16 -> 0.006 | K16: =G16 * J16 -> 0.054 | M16: =SUM(H$4:H16) * 10000 -> 9816
A17: Chance of no win: | B17: =B30 -> 0.00773141 | G17: =BaseB!N38 -> 10 | H17: 0.005 | I17: =G17 * H17 -> 0.05 | J17: =H17 -> 0.005 | K17: =G17 * J17 -> 0.05 | M17: =SUM(H$4:H17) * 10000 -> 9866
G18: =BaseB!N39 -> 12 | H18: 0.004 | I18: =G18 * H18 -> 0.048 | J18: =H18 -> 0.004 | K18: =G18 * J18 -> 0.048 | M18: =SUM(H$4:H18) * 10000 -> 9906
G19: =BaseB!N40 -> 15 | H19: 0.003 | I19: =G19 * H19 -> 0.045 | J19: =H19 -> 0.003 | K19: =G19 * J19 -> 0.045 | M19: =SUM(H$4:H19) * 10000 -> 9936
G20: =BaseB!N41 -> 20 | H20: 0.0025 | I20: =G20 * H20 -> 0.05 | J20: =H20 -> 0.0025 | K20: =G20 * J20 -> 0.05 | M20: =SUM(H$4:H20) * 10000 -> 9961
A21: Ave. no of Hits: | B21: =I71 -> 13.714566 | G21: =BaseB!N42 -> 25 | H21: =BaseB!O42 -> 0.002 | I21: =G21 * H21 -> 0.05 | J21: =H21 -> 0.002 | K21: =G21 * J21 -> 0.05 | M21: =SUM(H$4:H21) * 10000 -> 9981
A22: Ave. Win per bonus session: | B22: =D71 -> 28.718256 | G22: =BaseB!N43 -> 30 | H22: =BaseB!O43 -> 0.001 | I22: =G22 * H22 -> 0.03 | J22: =H22 -> 0.001 | K22: =G22 * J22 -> 0.03 | M22: =SUM(H$4:H22) * 10000 -> 9991
G23: =BaseB!N44 -> 40 | H23: =BaseB!O44 -> 0.0005 | I23: =G23 * H23 -> 0.02 | J23: =H23 -> 0.0005 | K23: =G23 * J23 -> 0.02 | M23: =SUM(H$4:H23) * 10000 -> 9996
A24: No. of Simul rounds: | B24: =E71 -> 100000000 | G24: =BaseB!N45 -> 50 | H24: =BaseB!O45 -> 0.0004 | I24: =G24 * H24 -> 0.02 | J24: =H24 -> 0.0004 | K24: =G24 * J24 -> 0.02 | M24: =SUM(H$4:H24) * 10000 -> 10000
H26: =SUM(H4:H25) -> 1 | I26: =SUM(I4:I25) -> 1.8113 | J26: =SUM(J4:J25) -> 1 | K26: =SUM(K4:K25) -> 1.8113
A29: No. of Symbol Hits | B29: Chance | C29: Ave. Win | D29: EV | E29: No. of Hits | F29: Total Win | I29: Ave. no. of Hits | J29: Hit/Session | L29: Jackpot Token Chance/Spin: | M29: 0.16
A30: 0 | B30: =E30/E$71 -> 0.00773141 | C30: 0 | D30: =B30 * C30 -> 0 | E30: 773141 | F30: 0 | I30: =A30 * B30 -> 0 | J30: =E$71/E30 -> 129.34251
A31: 1 | B31: =E31/E$71 -> 0.00938834 | C31: =F31 / ( B$24 * B31 ) -> 1.8140577 | D31: =B31 * C31 -> 0.01703099 | E31: 938834 | F31: 1703099 | I31: =A31 * B31 -> 0.00938834 | J31: =E$71/E31 -> 106.5151
A32: 2 | B32: =E32/E$71 -> 0.01374874 | C32: =F32 / ( B$24 * B32 ) -> 3.7037238 | D32: =B32 * C32 -> 0.050921535 | E32: 1374874 | F32: 5092153.5 | I32: =A32 * B32 -> 0.02749748 | J32: =E$71/E32 -> 72.733938 | L32: Type | M32: No. of Slots | N32: Token %Distribution | O32: Chance
A33: 3 | B33: =E33/E$71 -> 0.01826955 | C33: =F33 / ( B$24 * B33 ) -> 5.6366747 | D33: =B33 * C33 -> 0.10297951 | E33: 1826955 | F33: 10297951 | I33: =A33 * B33 -> 0.05480865 | J33: =E$71/E33 -> 54.735886 | L33: Mini | M33: 2 | N33: 0.26 | O33: 0.04800918 | Q33: =1/O33 -> 20.82935
A34: 4 | B34: =E34/E$71 -> 0.02319917 | C34: =F34 / ( B$24 * B34 ) -> 7.6390371 | D34: =B34 * C34 -> 0.17721932 | E34: 2319917 | F34: 17721932 | I34: =A34 * B34 -> 0.09279668 | J34: =E$71/E34 -> 43.10499 | L34: Midi | M34: 3 | N34: 0.31 | O34: 0.00956841 | Q34: =1/O34 -> 104.51057
A35: 5 | B35: =E35/E$71 -> 0.02842679 | C35: =F35 / ( B$24 * B35 ) -> 9.6919482 | D35: =B35 * C35 -> 0.27551098 | E35: 2842679 | F35: 27551098 | I35: =A35 * B35 -> 0.14213395 | J35: =E$71/E35 -> 35.178084 | L35: Maxi | M35: 4 | N35: 0.25 | O35: 0.00049423 | Q35: =1/O35 -> 2023.3495
A36: 6 | B36: =E36/E$71 -> 0.03389474 | C36: =F36 / ( B$24 * B36 ) -> 11.772919 | D36: =B36 * C36 -> 0.39904002 | E36: 3389474 | F36: 39904002 | I36: =A36 * B36 -> 0.20336844 | J36: =E$71/E36 -> 29.503103 | L36: Grand | M36: 5 | N36: 0.18 | O36: 8.3e-06 | Q36: =1/O36 -> 120481.93
A37: 7 | B37: =E37/E$71 -> 0.03931082 | C37: =F37 / ( B$24 * B37 ) -> 13.870328 | D37: =B37 * C37 -> 0.54525395 | E37: 3931082 | F37: 54525396 | I37: =A37 * B37 -> 0.27517574 | J37: =E$71/E37 -> 25.438289 | N37: =SUM(N33:N36) -> 1
A38: 8 | B38: =E38/E$71 -> 0.04465449 | C38: =F38 / ( B$24 * B38 ) -> 15.992629 | D38: =B38 * C38 -> 0.71414271 | E38: 4465449 | F38: 71414271 | I38: =A38 * B38 -> 0.35723592 | J38: =E$71/E38 -> 22.394165
A39: 9 | B39: =E39/E$71 -> 0.04946092 | C39: =F39 / ( B$24 * B39 ) -> 18.129616 | D39: =B39 * C39 -> 0.8967075 | E39: 4946092 | F39: 89670750 | I39: =A39 * B39 -> 0.44514828 | J39: =E$71/E39 -> 20.217982
A40: 10 | B40: =E40/E$71 -> 0.05368256 | C40: =F40 / ( B$24 * B40 ) -> 20.278351 | D40: =B40 * C40 -> 1.0885938 | E40: 5368256 | F40: 1.0885938e+08 | I40: =A40 * B40 -> 0.5368256 | J40: =E$71/E40 -> 18.628024
A41: 11 | B41: =E41/E$71 -> 0.05693504 | C41: =F41 / ( B$24 * B41 ) -> 22.448579 | D41: =B41 * C41 -> 1.2781107 | E41: 5693504 | F41: 1.2781107e+08 | I41: =A41 * B41 -> 0.62628544 | J41: =E$71/E41 -> 17.563876
A42: 12 | B42: =E42/E$71 -> 0.05919297 | C42: =F42 / ( B$24 * B42 ) -> 24.640609 | D42: =B42 * C42 -> 1.4585508 | E42: 5919297 | F42: 145855081 | I42: =A42 * B42 -> 0.71031564 | J42: =E$71/E42 -> 16.893898
A43: 13 | B43: =E43/E$71 -> 0.06009037 | C43: =F43 / ( B$24 * B43 ) -> 26.841721 | D43: =B43 * C43 -> 1.612929 | E43: 6009037 | F43: 161292897 | I43: =A43 * B43 -> 0.78117481 | J43: =E$71/E43 -> 16.641602
A44: 14 | B44: =E44/E$71 -> 0.05970704 | C44: =F44 / ( B$24 * B44 ) -> 29.051181 | D44: =B44 * C44 -> 1.73456 | E44: 5970704 | F44: 1.73456e+08 | I44: =A44 * B44 -> 0.83589856 | J44: =E$71/E44 -> 16.748444
A45: 15 | B45: =E45/E$71 -> 0.05803233 | C45: =F45 / ( B$24 * B45 ) -> 31.272063 | D45: =B45 * C45 -> 1.8147907 | E45: 5803233 | F45: 1.8147907e+08 | I45: =A45 * B45 -> 0.87048495 | J45: =E$71/E45 -> 17.231774
A46: 16 | B46: =E46/E$71 -> 0.05526064 | C46: =F46 / ( B$24 * B46 ) -> 33.508126 | D46: =B46 * C46 -> 1.8516805 | E46: 5526064 | F46: 185168050 | I46: =A46 * B46 -> 0.88417024 | J46: =E$71/E46 -> 18.096063
A47: 17 | B47: =E47/E$71 -> 0.05156294 | C47: =F47 / ( B$24 * B47 ) -> 35.748871 | D47: =B47 * C47 -> 1.8433169 | E47: 5156294 | F47: 184331691 | I47: =A47 * B47 -> 0.87656998 | J47: =E$71/E47 -> 19.393774
A48: 18 | B48: =E48/E$71 -> 0.04719165 | C48: =F48 / ( B$24 * B48 ) -> 37.993752 | D48: =B48 * C48 -> 1.7929878 | E48: 4719165 | F48: 179298785 | I48: =A48 * B48 -> 0.8494497 | J48: =E$71/E48 -> 21.190189
A49: 19 | B49: =E49/E$71 -> 0.04241761 | C49: =F49 / ( B$24 * B49 ) -> 40.265825 | D49: =B49 * C49 -> 1.70798 | E49: 4241761 | F49: 170798004 | I49: =A49 * B49 -> 0.80593459 | J49: =E$71/E49 -> 23.575114
... A70: 40 | B70: =E70/E$71 -> 1.5e-07 | C70: =F70 / ( B$24 * B70 ) -> 108.2 | D70: =B70 * C70 -> 1.623e-05 | E70: 15 | F70: 1623 | I70: =A70 * B70 -> 6e-06 | J70: =E$71/E70 -> 6666666.7
B71: =SUM(B30:B70) -> 1 | D71: =SUM(D30:D70) -> 28.718256 | E71: =SUM(E30:E70) -> 100000000 | I71: =SUM(I30:I70) -> 13.714566

Sheet Bonus_Game2
A1: Ave. Win: | N1: =75 * 96.2% -> 72.15
A2: No. of Slot: | B2: 20 | D2: Chance/Spin | E2: Ave no. of Hit | G2: Prize Distribution
A3: No. of Respin: | B3: 3 | C3: Maximizer: | D3: 0.02 | E3: 0.34900557 | G3: Value | H3: Chance | I3: EV
A4: Chance of Hit: | B4: 0.039 | C4: Collect QH: | D4: 0.027 | E4: 0.56697998 | G4: =BaseB!N25 -> 0.5 | H4: =Bonus_Game1!H4 -> 0.2966 | I4: =G4 * H4 -> 0.1483
G5: =BaseB!N26 -> 1 | H5: =Bonus_Game1!H5 -> 0.3 | I5: =G5 * H5 -> 0.3
G6: =BaseB!N27 -> 1.5 | H6: =Bonus_Game1!H6 -> 0.13 | I6: =G6 * H6 -> 0.195
A7: Diagram | G7: =BaseB!N28 -> 2 | H7: =Bonus_Game1!H7 -> 0.09 | I7: =G7 * H7 -> 0.18
A8: Reel1 | B8: Reel2 | C8: Reel3 | D8: Reel4 | E8: Reel5 | G8: =BaseB!N29 -> 2.5 | H8: =Bonus_Game1!H8 -> 0.05 | I8: =G8 * H8 -> 0.125
A9: =$B$4 -> 0.039 | B9: =$B$4 -> 0.039 | C9: =$B$4 -> 0.039 | D9: =$B$4 -> 0.039 | E9: =$B$4 -> 0.039 | G9: =BaseB!N30 -> 3 | H9: =Bonus_Game1!H9 -> 0.03 | I9: =G9 * H9 -> 0.09
A10: =$B$4 -> 0.039 | B10: =$B$4 -> 0.039 | C10: =$B$4 -> 0.039 | D10: =$B$4 -> 0.039 | E10: =$B$4 -> 0.039 | G10: =BaseB!N31 -> 3.5 | H10: =Bonus_Game1!H10 -> 0.02 | I10: =G10 * H10 -> 0.07
A11: =$B$4 -> 0.039 | B11: =$B$4 -> 0.039 | C11: =$B$4 -> 0.039 | D11: =$B$4 -> 0.039 | E11: =$B$4 -> 0.039 | G11: =BaseB!N32 -> 4 | H11: =Bonus_Game1!H11 -> 0.015 | I11: =G11 * H11 -> 0.06
A12: =$B$4 -> 0.039 | B12: =$B$4 -> 0.039 | C12: =$B$4 -> 0.039 | D12: =$B$4 -> 0.039 | E12: =$B$4 -> 0.039 | G12: =BaseB!N33 -> 5 | H12: =Bonus_Game1!H12 -> 0.014 | I12: =G12 * H12 -> 0.07
A13: Chance of no Hit: | B13: =1-B4 -> 0.961 | G13: =BaseB!N34 -> 6 | H13: =Bonus_Game1!H13 -> 0.012 | I13: =G13 * H13 -> 0.072
G14: =BaseB!N35 -> 7 | H14: =Bonus_Game1!H14 -> 0.01 | I14: =G14 * H14 -> 0.07
A15: Chance of no hit (20slots): | B15: =B13^B2 -> 0.45130251 | G15: =BaseB!N36 -> 8 | H15: =Bonus_Game1!H15 -> 0.008 | I15: =G15 * H15 -> 0.064
G16: =BaseB!N37 -> 9 | H16: =Bonus_Game1!H16 -> 0.006 | I16: =G16 * H16 -> 0.054
A17: Chance of no win: | B17: =B30 -> 0.00772266 | G17: =BaseB!N38 -> 10 | H17: =Bonus_Game1!H17 -> 0.005 | I17: =G17 * H17 -> 0.05
G18: =BaseB!N39 -> 12 | H18: =Bonus_Game1!H18 -> 0.004 | I18: =G18 * H18 -> 0.048
G19: =BaseB!N40 -> 15 | H19: =Bonus_Game1!H19 -> 0.003 | I19: =G19 * H19 -> 0.045
G20: =BaseB!N41 -> 20 | H20: =Bonus_Game1!H20 -> 0.0025 | I20: =G20 * H20 -> 0.05
A21: Ave. no of Hits: | B21: =I71 -> 13.63257 | G21: =BaseB!N42 -> 25 | H21: =Bonus_Game1!H21 -> 0.002 | I21: =G21 * H21 -> 0.05
A22: Ave. Win per bonus session: | B22: =D71 -> 31.003711 | G22: =BaseB!N43 -> 30 | H22: =Bonus_Game1!H22 -> 0.001 | I22: =G22 * H22 -> 0.03
G23: =BaseB!N44 -> 40 | H23: =Bonus_Game1!H23 -> 0.0005 | I23: =G23 * H23 -> 0.02
A24: No. of Simul rounds: | B24: =E71 -> 100000000 | G24: =BaseB!N45 -> 50 | H24: =Bonus_Game1!H24 -> 0.0004 | I24: =G24 * H24 -> 0.02
H26: =SUM(H4:H25) -> 1 | I26: =SUM(I4:I25) -> 1.8113
A29: No. of Symbol Hits | B29: Chance | C29: Ave. Win | D29: EV | E29: No. of Hits | F29: Total Win | I29: Ave. no. of Hits | J29: Hit/Session | L29: Jackpot Token Chance/Spin: | M29: =Bonus_Game1!M29 -> 0.16
A30: 0 | B30: =E30/E$71 -> 0.00772266 | C30: 0 | D30: =B30 * C30 -> 0 | E30: 772266 | F30: 0 | I30: =A30 * B30 -> 0 | J30: =E$71/E30 -> 129.48906
A31: 1 | B31: =E31/E$71 -> 0.00952097 | C31: =F31 / ( B$24 * B31 ) -> 1.8105456 | D31: =B31 * C31 -> 0.01723815 | E31: 952097 | F31: 1723815 | I31: =A31 * B31 -> 0.00952097 | J31: =E$71/E31 -> 105.03132
A32: 2 | B32: =E32/E$71 -> 0.01394674 | C32: =F32 / ( B$24 * B32 ) -> 3.6236016 | D32: =B32 * C32 -> 0.05053743 | E32: 1394674 | F32: 5053743 | I32: =A32 * B32 -> 0.02789348 | J32: =E$71/E32 -> 71.701344 | L32: Type | M32: No. of Slots | N32: Token %Distribution | O32: Chance
A33: 3 | B33: =E33/E$71 -> 0.01853914 | C33: =F33 / ( B$24 * B33 ) -> 5.4953563 | D33: =B33 * C33 -> 0.10187918 | E33: 1853914 | F33: 10187918 | I33: =A33 * B33 -> 0.05561742 | J33: =E$71/E33 -> 53.939935 | L33: =Bonus_Game1!L33 -> Mini | M33: =Bonus_Game1!M33 -> 2 | N33: =Bonus_Game1!N33 -> 0.26 | O33: 0.04793448
A34: 4 | B34: =E34/E$71 -> 0.02351146 | C34: =F34 / ( B$24 * B34 ) -> 7.4055069 | D34: =B34 * C34 -> 0.17411428 | E34: 2351146 | F34: 17411428 | I34: =A34 * B34 -> 0.09404584 | J34: =E$71/E34 -> 42.53245 | L34: =Bonus_Game1!L34 -> Midi | M34: =Bonus_Game1!M34 -> 3 | N34: =Bonus_Game1!N34 -> 0.31 | O34: 0.00953447
A35: 5 | B35: =E35/E$71 -> 0.02885527 | C35: =F35 / ( B$24 * B35 ) -> 9.3865762 | D35: =B35 * C35 -> 0.27085219 | E35: 2885527 | F35: 27085219 | I35: =A35 * B35 -> 0.14427635 | J35: =E$71/E35 -> 34.655715 | L35: =Bonus_Game1!L35 -> Maxi | M35: =Bonus_Game1!M35 -> 4 | N35: =Bonus_Game1!N35 -> 0.25 | O35: 0.00049204
A36: 6 | B36: =E36/E$71 -> 0.03432518 | C36: =F36 / ( B$24 * B36 ) -> 11.415549 | D36: =B36 * C36 -> 0.39184079 | E36: 3432518 | F36: 39184078 | I36: =A36 * B36 -> 0.20595108 | J36: =E$71/E36 -> 29.133132 | L36: =Bonus_Game1!L36 -> Grand | M36: =Bonus_Game1!M36 -> 5 | N36: =Bonus_Game1!N36 -> 0.18 | O36: 7.77e-06
A37: 7 | B37: =E37/E$71 -> 0.03982347 | C37: =F37 / ( B$24 * B37 ) -> 13.503099 | D37: =B37 * C37 -> 0.53774024 | E37: 3982347 | F37: 53774024 | I37: =A37 * B37 -> 0.27876429 | J37: =E$71/E37 -> 25.11082 | N37: =SUM(N33:N36) -> 1
A38: 8 | B38: =E38/E$71 -> 0.04513896 | C38: =F38 / ( B$24 * B38 ) -> 15.664638 | D38: =B38 * C38 -> 0.70708545 | E38: 4513896 | F38: 70708546 | I38: =A38 * B38 -> 0.36111168 | J38: =E$71/E38 -> 22.153811
A39: 9 | B39: =E39/E$71 -> 0.05000764 | C39: =F39 / ( B$24 * B39 ) -> 17.912657 | D39: =B39 * C39 -> 0.89576969 | E39: 5000764 | F39: 89576970 | I39: =A39 * B39 -> 0.45006876 | J39: =E$71/E39 -> 19.996944
A40: 10 | B40: =E40/E$71 -> 0.05418718 | C40: =F40 / ( B$24 * B40 ) -> 20.230077 | D40: =B40 * C40 -> 1.0962108 | E40: 5418718 | F40: 109621080 | I40: =A40 * B40 -> 0.5418718 | J40: =E$71/E40 -> 18.45455
A41: 11 | B41: =E41/E$71 -> 0.05744813 | C41: =F41 / ( B$24 * B41 ) -> 22.641723 | D41: =B41 * C41 -> 1.3007246 | E41: 5744813 | F41: 130072462 | I41: =A41 * B41 -> 0.63192943 | J41: =E$71/E41 -> 17.407007
A42: 12 | B42: =E42/E$71 -> 0.05954664 | C42: =F42 / ( B$24 * B42 ) -> 25.12049 | D42: =B42 * C42 -> 1.4958408 | E42: 5954664 | F42: 1.4958408e+08 | I42: =A42 * B42 -> 0.71455968 | J42: =E$71/E42 -> 16.793559
A43: 13 | B43: =E43/E$71 -> 0.06043364 | C43: =F43 / ( B$24 * B43 ) -> 27.707678 | D43: =B43 * C43 -> 1.6744758 | E43: 6043364 | F43: 1.6744758e+08 | I43: =A43 * B43 -> 0.78563732 | J43: =E$71/E43 -> 16.547075
A44: 14 | B44: =E44/E$71 -> 0.05995306 | C44: =F44 / ( B$24 * B44 ) -> 30.38123 | D44: =B44 * C44 -> 1.8214477 | E44: 5995306 | F44: 182144770 | I44: =A44 * B44 -> 0.83934284 | J44: =E$71/E44 -> 16.679716
A45: 15 | B45: =E45/E$71 -> 0.05812293 | C45: =F45 / ( B$24 * B45 ) -> 33.102004 | D45: =B45 * C45 -> 1.9239854 | E45: 5812293 | F45: 1.9239854e+08 | I45: =A45 * B45 -> 0.87184395 | J45: =E$71/E45 -> 17.204914
A46: 16 | B46: =E46/E$71 -> 0.05519656 | C46: =F46 / ( B$24 * B46 ) -> 35.899919 | D46: =B46 * C46 -> 1.981552 | E46: 5519656 | F46: 198155203 | I46: =A46 * B46 -> 0.88314496 | J46: =E$71/E46 -> 18.117071
A47: 17 | B47: =E47/E$71 -> 0.05136169 | C47: =F47 / ( B$24 * B47 ) -> 38.731248 | D47: =B47 * C47 -> 1.9893024 | E47: 5136169 | F47: 1.9893024e+08 | I47: =A47 * B47 -> 0.87314873 | J47: =E$71/E47 -> 19.469764
A48: 18 | B48: =E48/E$71 -> 0.04688713 | C48: =F48 / ( B$24 * B48 ) -> 41.584511 | D48: =B48 * C48 -> 1.9497784 | E48: 4688713 | F48: 194977835 | I48: =A48 * B48 -> 0.84396834 | J48: =E$71/E48 -> 21.327814
A49: 19 | B49: =E49/E$71 -> 0.04204794 | C49: =F49 / ( B$24 * B49 ) -> 44.546692 | D49: =B49 * C49 -> 1.8730966 | E49: 4204794 | F49: 1.8730966e+08 | I49: =A49 * B49 -> 0.79891086 | J49: =E$71/E49 -> 23.782378
... A70: 40 | B70: =E70/E$71 -> 9e-08 | C70: =F70 / ( B$24 * B70 ) -> 154.66667 | D70: =B70 * C70 -> 1.392e-05 | E70: 9 | F70: 1392 | I70: =A70 * B70 -> 3.6e-06 | J70: =E$71/E70 -> 11111111
B71: =SUM(B30:B70) -> 1 | D71: =SUM(D30:D70) -> 31.003711 | E71: =SUM(E30:E70) -> 100000000 | I71: =SUM(I30:I70) -> 13.63257

Sheet Bonus_Game3
A1: Ave. Win: | N1: =75 * 96.2% -> 72.15
A2: No. of Slot: | B2: 20 | D2: Chance/Spin | E2: Ave no. of Hit | G2: Prize Distribution
A3: No. of Respin: | B3: 3 | C3: Maximizer: | D3: 0.02 | E3: 0.35183704 | G3: Value | H3: Chance | I3: EV
A4: Chance of Hit: | B4: 0.039 | C4: Multiplier: | D4: 0.027 | E4: 0.5742395 | G4: =BaseB!N25 -> 0.5 | H4: =Bonus_Game1!H4 -> 0.2966 | I4: =G4 * H4 -> 0.1483
G5: =BaseB!N26 -> 1 | H5: =Bonus_Game1!H5 -> 0.3 | I5: =G5 * H5 -> 0.3
G6: =BaseB!N27 -> 1.5 | H6: =Bonus_Game1!H6 -> 0.13 | I6: =G6 * H6 -> 0.195
A7: Diagram | G7: =BaseB!N28 -> 2 | H7: =Bonus_Game1!H7 -> 0.09 | I7: =G7 * H7 -> 0.18
A8: Reel1 | B8: Reel2 | C8: Reel3 | D8: Reel4 | E8: Reel5 | G8: =BaseB!N29 -> 2.5 | H8: =Bonus_Game1!H8 -> 0.05 | I8: =G8 * H8 -> 0.125
A9: =$B$4 -> 0.039 | B9: =$B$4 -> 0.039 | C9: =$B$4 -> 0.039 | D9: =$B$4 -> 0.039 | E9: =$B$4 -> 0.039 | G9: =BaseB!N30 -> 3 | H9: =Bonus_Game1!H9 -> 0.03 | I9: =G9 * H9 -> 0.09
A10: =$B$4 -> 0.039 | B10: =$B$4 -> 0.039 | C10: =$B$4 -> 0.039 | D10: =$B$4 -> 0.039 | E10: =$B$4 -> 0.039 | G10: =BaseB!N31 -> 3.5 | H10: =Bonus_Game1!H10 -> 0.02 | I10: =G10 * H10 -> 0.07
A11: =$B$4 -> 0.039 | B11: =$B$4 -> 0.039 | C11: =$B$4 -> 0.039 | D11: =$B$4 -> 0.039 | E11: =$B$4 -> 0.039 | G11: =BaseB!N32 -> 4 | H11: =Bonus_Game1!H11 -> 0.015 | I11: =G11 * H11 -> 0.06
A12: =$B$4 -> 0.039 | B12: =$B$4 -> 0.039 | C12: =$B$4 -> 0.039 | D12: =$B$4 -> 0.039 | E12: =$B$4 -> 0.039 | G12: =BaseB!N33 -> 5 | H12: =Bonus_Game1!H12 -> 0.014 | I12: =G12 * H12 -> 0.07
A13: Chance of no Hit: | B13: =1-B4 -> 0.961 | G13: =BaseB!N34 -> 6 | H13: =Bonus_Game1!H13 -> 0.012 | I13: =G13 * H13 -> 0.072
G14: =BaseB!N35 -> 7 | H14: =Bonus_Game1!H14 -> 0.01 | I14: =G14 * H14 -> 0.07
A15: Chance of no hit (20slots): | B15: =B13^B2 -> 0.45130251 | C15: Multiplier | D15: Chance | E15: EV | G15: =BaseB!N36 -> 8 | H15: =Bonus_Game1!H15 -> 0.008 | I15: =G15 * H15 -> 0.064
C16: 2 | D16: 0.93 | E16: =C16 * D16 -> 1.86 | G16: =BaseB!N37 -> 9 | H16: =Bonus_Game1!H16 -> 0.006 | I16: =G16 * H16 -> 0.054
A17: Chance of no win: | B17: =B30 -> 0.0077205499 | C17: 3 | D17: 0.05 | E17: =C17 * D17 -> 0.15 | G17: =BaseB!N38 -> 10 | H17: =Bonus_Game1!H17 -> 0.005 | I17: =G17 * H17 -> 0.05
C18: 4 | D18: 0.01 | E18: =C18 * D18 -> 0.04 | G18: =BaseB!N39 -> 12 | H18: =Bonus_Game1!H18 -> 0.004 | I18: =G18 * H18 -> 0.048
C19: 5 | D19: 0.01 | E19: =C19 * D19 -> 0.05 | G19: =BaseB!N40 -> 15 | H19: =Bonus_Game1!H19 -> 0.003 | I19: =G19 * H19 -> 0.045
D20: =SUM(D16:D19) -> 1 | E20: =SUM(E16:E19) -> 2.1 | G20: =BaseB!N41 -> 20 | H20: =Bonus_Game1!H20 -> 0.0025 | I20: =G20 * H20 -> 0.05
A21: Ave. no of Hits: | B21: =I71 -> 13.301109 | G21: =BaseB!N42 -> 25 | H21: =Bonus_Game1!H21 -> 0.002 | I21: =G21 * H21 -> 0.05
A22: Ave. Win per bonus session: | B22: =D71 -> 32.782395 | G22: =BaseB!N43 -> 30 | H22: =Bonus_Game1!H22 -> 0.001 | I22: =G22 * H22 -> 0.03
G23: =BaseB!N44 -> 40 | H23: =Bonus_Game1!H23 -> 0.0005 | I23: =G23 * H23 -> 0.02
A24: No. of Simul rounds: | B24: =E71 -> 100000001 | G24: =BaseB!N45 -> 50 | H24: =Bonus_Game1!H24 -> 0.0004 | I24: =G24 * H24 -> 0.02
H26: =SUM(H4:H25) -> 1 | I26: =SUM(I4:I25) -> 1.8113
A29: No. of Symbol Hits | B29: Chance | C29: Ave. Win | D29: EV | E29: No. of Hits | F29: Total Win | I29: Ave. no. of Hits | J29: Hit/Session | L29: Jackpot Token Chance/Spin: | M29: =Bonus_Game1!M29 -> 0.16
A30: 0 | B30: =E30/E$71 -> 0.0077205499 | C30: 0 | D30: =B30 * C30 -> 0 | E30: 772055 | F30: 0 | I30: =A30 * B30 -> 0 | J30: =E$71/E30 -> 129.52445
A31: 1 | B31: =E31/E$71 -> 0.0099891999 | C31: =F31 / ( B$24 * B31 ) -> 1.9128714 | D31: =B31 * C31 -> 0.019108055 | E31: 998920 | F31: 1910805.5 | I31: =A31 * B31 -> 0.0099891999 | J31: =E$71/E31 -> 100.10812
A32: 2 | B32: =E32/E$71 -> 0.01458919 | C32: =F32 / ( B$24 * B32 ) -> 3.8716553 | D32: =B32 * C32 -> 0.056484314 | E32: 1458919 | F32: 5648431.5 | I32: =A32 * B32 -> 0.02917838 | J32: =E$71/E32 -> 68.543902 | L32: Type | M32: No. of Slots | N32: Token %Distribution | O32: Chance
A33: 3 | B33: =E33/E$71 -> 0.01947102 | C33: =F33 / ( B$24 * B33 ) -> 5.9110465 | D33: =B33 * C33 -> 0.1150941 | E33: 1947102 | F33: 11509410 | I33: =A33 * B33 -> 0.058413059 | J33: =E$71/E33 -> 51.358378 | L33: =Bonus_Game1!L33 -> Mini | M33: =Bonus_Game1!M33 -> 2 | N33: =Bonus_Game1!N33 -> 0.26 | O33: 0.04963387
A34: 4 | B34: =E34/E$71 -> 0.02476873 | C34: =F34 / ( B$24 * B34 ) -> 7.9953413 | D34: =B34 * C34 -> 0.19803445 | E34: 2476873 | F34: 19803445 | I34: =A34 * B34 -> 0.099074919 | J34: =E$71/E34 -> 40.373487 | L34: =Bonus_Game1!L34 -> Midi | M34: =Bonus_Game1!M34 -> 3 | N34: =Bonus_Game1!N34 -> 0.31 | O34: 0.01012464
A35: 5 | B35: =E35/E$71 -> 0.03035232 | C35: =F35 / ( B$24 * B35 ) -> 10.157459 | D35: =B35 * C35 -> 0.30830245 | E35: 3035232 | F35: 30830246 | I35: =A35 * B35 -> 0.1517616 | J35: =E$71/E35 -> 32.946411 | L35: =Bonus_Game1!L35 -> Maxi | M35: =Bonus_Game1!M35 -> 4 | N35: =Bonus_Game1!N35 -> 0.25 | O35: 0.00054656
A36: 6 | B36: =E36/E$71 -> 0.03611406 | C36: =F36 / ( B$24 * B36 ) -> 12.399523 | D36: =B36 * C36 -> 0.44779712 | E36: 3611406 | F36: 44779712 | I36: =A36 * B36 -> 0.21668436 | J36: =E$71/E36 -> 27.690047 | L36: =Bonus_Game1!L36 -> Grand | M36: =Bonus_Game1!M36 -> 5 | N36: =Bonus_Game1!N36 -> 0.18 | O36: 9.24e-06
A37: 7 | B37: =E37/E$71 -> 0.0418395 | C37: =F37 / ( B$24 * B37 ) -> 14.710542 | D37: =B37 * C37 -> 0.6154817 | E37: 4183950 | F37: 61548170 | I37: =A37 * B37 -> 0.2928765 | J37: =E$71/E37 -> 23.900859 | N37: =SUM(N33:N36) -> 1
A38: 8 | B38: =E38/E$71 -> 0.04729608 | C38: =F38 / ( B$24 * B38 ) -> 17.121335 | D38: =B38 * C38 -> 0.809772 | E38: 4729608 | F38: 80977201 | I38: =A38 * B38 -> 0.37836864 | J38: =E$71/E38 -> 21.143402
A39: 9 | B39: =E39/E$71 -> 0.052205939 | C39: =F39 / ( B$24 * B39 ) -> 19.622344 | D39: =B39 * C39 -> 1.0244029 | E39: 5220594 | F39: 1.0244029e+08 | I39: =A39 * B39 -> 0.46985346 | J39: =E$71/E39 -> 19.154909
A40: 10 | B40: =E40/E$71 -> 0.056399199 | C40: =F40 / ( B$24 * B40 ) -> 22.216407 | D40: =B40 * C40 -> 1.2529876 | E40: 5639920 | F40: 1.2529876e+08 | I40: =A40 * B40 -> 0.56399199 | J40: =E$71/E40 -> 17.730748
A41: 11 | B41: =E41/E$71 -> 0.059538339 | C41: =F41 / ( B$24 * B41 ) -> 24.908169 | D41: =B41 * C41 -> 1.482991 | E41: 5953834 | F41: 148299105 | I41: =A41 * B41 -> 0.65492173 | J41: =E$71/E41 -> 16.7959
A42: 12 | B42: =E42/E$71 -> 0.061317469 | C42: =F42 / ( B$24 * B42 ) -> 27.682968 | D42: =B42 * C42 -> 1.6974495 | E42: 6131747 | F42: 1.6974495e+08 | I42: =A42 * B42 -> 0.73580963 | J42: =E$71/E42 -> 16.308566
A43: 13 | B43: =E43/E$71 -> 0.061816979 | C43: =F43 / ( B$24 * B43 ) -> 30.520764 | D43: =B43 * C43 -> 1.8867014 | E43: 6181698 | F43: 1.8867015e+08 | I43: =A43 * B43 -> 0.80362073 | J43: =E$71/E43 -> 16.176785
A44: 14 | B44: =E44/E$71 -> 0.060739809 | C44: =F44 / ( B$24 * B44 ) -> 33.43827 | D44: =B44 * C44 -> 2.0310341 | E44: 6073981 | F44: 203103417 | I44: =A44 * B44 -> 0.85035733 | J44: =E$71/E44 -> 16.463667
A45: 15 | B45: =E45/E$71 -> 0.058470779 | C45: =F45 / ( B$24 * B45 ) -> 36.42843 | D45: =B45 * C45 -> 2.1299987 | E45: 5847078 | F45: 2.1299987e+08 | I45: =A45 * B45 -> 0.87706169 | J45: =E$71/E45 -> 17.10256
A46: 16 | B46: =E46/E$71 -> 0.055060899 | C46: =F46 / ( B$24 * B46 ) -> 39.439868 | D46: =B46 * C46 -> 2.1715946 | E46: 5506090 | F46: 2.1715946e+08 | I46: =A46 * B46 -> 0.88097439 | J46: =E$71/E46 -> 18.161708
A47: 17 | B47: =E47/E$71 -> 0.050678059 | C47: =F47 / ( B$24 * B47 ) -> 42.438208 | D47: =B47 * C47 -> 2.150686 | E47: 5067806 | F47: 215068607 | I47: =A47 * B47 -> 0.86152701 | J47: =E$71/E47 -> 19.732405
A48: 18 | B48: =E48/E$71 -> 0.04578811 | C48: =F48 / ( B$24 * B48 ) -> 45.501367 | D48: =B48 * C48 -> 2.0834216 | E48: 4578811 | F48: 208342161 | I48: =A48 * B48 -> 0.82418597 | J48: =E$71/E48 -> 21.839731
A49: 19 | B49: =E49/E$71 -> 0.04060389 | C49: =F49 / ( B$24 * B49 ) -> 48.600233 | D49: =B49 * C49 -> 1.9733585 | E49: 4060389 | F49: 1.9733585e+08 | I49: =A49 * B49 -> 0.7714739 | J49: =E$71/E49 -> 24.628182
... A70: 40 | B70: =E70/E$71 -> 9.9999999e-09 | C70: =F70 / ( B$24 * B70 ) -> 0 | D70: =B70 * C70 -> 0 | E70: 1 | F70: 0 | I70: =A70 * B70 -> 4e-07 | J70: =E$71/E70 -> 100000001
B71: =SUM(B30:B70) -> 1 | D71: =SUM(D30:D70) -> 32.782395 | E71: =SUM(E30:E70) -> 100000001 | I71: =SUM(I30:I70) -> 13.301109

Sheet Bonus_Game4
A1: Ave. Win: | N1: =75 * 96.2% -> 72.15
A2: No. of Slot: | B2: 20 | D2: Chance/Spin | E2: Ave no. of Hit | G2: Prize Distribution
A3: No. of Respin: | B3: 3 | C3: Maximizer: | D3: 0.02 | E3: 0.27455154 | G3: Value | H3: Chance | I3: EV
A4: Chance of Hit: | B4: 0.039 | C4: Mirrorhit: | D4: 0.052 | E4: 2.5243301 | G4: =BaseB!N25 -> 0.5 | H4: =Bonus_Game1!H4 -> 0.2966 | I4: =G4 * H4 -> 0.1483
G5: =BaseB!N26 -> 1 | H5: =Bonus_Game1!H5 -> 0.3 | I5: =G5 * H5 -> 0.3
G6: =BaseB!N27 -> 1.5 | H6: =Bonus_Game1!H6 -> 0.13 | I6: =G6 * H6 -> 0.195
A7: Diagram | G7: =BaseB!N28 -> 2 | H7: =Bonus_Game1!H7 -> 0.09 | I7: =G7 * H7 -> 0.18
A8: Reel1 | B8: Reel2 | C8: Reel3 | D8: Reel4 | E8: Reel5 | G8: =BaseB!N29 -> 2.5 | H8: =Bonus_Game1!H8 -> 0.05 | I8: =G8 * H8 -> 0.125
A9: =$B$4 -> 0.039 | B9: =$B$4 -> 0.039 | C9: =$B$4 -> 0.039 | D9: =$B$4 -> 0.039 | E9: =$B$4 -> 0.039 | G9: =BaseB!N30 -> 3 | H9: =Bonus_Game1!H9 -> 0.03 | I9: =G9 * H9 -> 0.09
A10: =$B$4 -> 0.039 | B10: =$B$4 -> 0.039 | C10: =$B$4 -> 0.039 | D10: =$B$4 -> 0.039 | E10: =$B$4 -> 0.039 | G10: =BaseB!N31 -> 3.5 | H10: =Bonus_Game1!H10 -> 0.02 | I10: =G10 * H10 -> 0.07
A11: =$B$4 -> 0.039 | B11: =$B$4 -> 0.039 | C11: =$B$4 -> 0.039 | D11: =$B$4 -> 0.039 | E11: =$B$4 -> 0.039 | G11: =BaseB!N32 -> 4 | H11: =Bonus_Game1!H11 -> 0.015 | I11: =G11 * H11 -> 0.06
A12: =$B$4 -> 0.039 | B12: =$B$4 -> 0.039 | C12: =$B$4 -> 0.039 | D12: =$B$4 -> 0.039 | E12: =$B$4 -> 0.039 | G12: =BaseB!N33 -> 5 | H12: =Bonus_Game1!H12 -> 0.014 | I12: =G12 * H12 -> 0.07
A13: Chance of no Hit: | B13: =1-B4 -> 0.961 | G13: =BaseB!N34 -> 6 | H13: =Bonus_Game1!H13 -> 0.012 | I13: =G13 * H13 -> 0.072
G14: =BaseB!N35 -> 7 | H14: =Bonus_Game1!H14 -> 0.01 | I14: =G14 * H14 -> 0.07
A15: Chance of no hit (20slots): | B15: =B13^B2 -> 0.45130251 | G15: =BaseB!N36 -> 8 | H15: =Bonus_Game1!H15 -> 0.008 | I15: =G15 * H15 -> 0.064
G16: =BaseB!N37 -> 9 | H16: =Bonus_Game1!H16 -> 0.006 | I16: =G16 * H16 -> 0.054
A17: Chance of no win: | B17: =B30 -> 0.00498266 | G17: =BaseB!N38 -> 10 | H17: =Bonus_Game1!H17 -> 0.005 | I17: =G17 * H17 -> 0.05
G18: =BaseB!N39 -> 12 | H18: =Bonus_Game1!H18 -> 0.004 | I18: =G18 * H18 -> 0.048
G19: =BaseB!N40 -> 15 | H19: =Bonus_Game1!H19 -> 0.003 | I19: =G19 * H19 -> 0.045
G20: =BaseB!N41 -> 20 | H20: =Bonus_Game1!H20 -> 0.0025 | I20: =G20 * H20 -> 0.05
A21: Ave. no of Hits: | B21: =I71 -> 18.261442 | G21: =BaseB!N42 -> 25 | H21: =Bonus_Game1!H21 -> 0.002 | I21: =G21 * H21 -> 0.05
A22: Ave. Win per bonus session: | B22: =D71 -> 34.120455 | G22: =BaseB!N43 -> 30 | H22: =Bonus_Game1!H22 -> 0.001 | I22: =G22 * H22 -> 0.03
G23: =BaseB!N44 -> 40 | H23: =Bonus_Game1!H23 -> 0.0005 | I23: =G23 * H23 -> 0.02
A24: No. of Simul rounds: | B24: =E71 -> 100000000 | G24: =BaseB!N45 -> 50 | H24: =Bonus_Game1!H24 -> 0.0004 | I24: =G24 * H24 -> 0.02
H26: =SUM(H4:H25) -> 1 | I26: =SUM(I4:I25) -> 1.8113
A29: No. of Symbol Hits | B29: Chance | C29: Ave. Win | D29: EV | E29: No. of Hits | F29: Total Win | I29: Ave. no. of Hits | J29: Hit/Session | L29: Jackpot Token Chance/Spin: | M29: =Bonus_Game3!M29 -> 0.16
A30: 0 | B30: =E30/E$71 -> 0.00498266 | C30: 0 | D30: =B30 * C30 -> 0 | E30: 498266 | F30: 0 | I30: =A30 * B30 -> 0 | J30: =E$71/E30 -> 200.69601
A31: 1 | B31: =E31/E$71 -> 0.00535399 | C31: =F31 / ( B$24 * B31 ) -> 1.8044748 | D31: =B31 * C31 -> 0.00966114 | E31: 535399 | F31: 966114 | I31: =A31 * B31 -> 0.00535399 | J31: =E$71/E31 -> 186.77659
A32: 2 | B32: =E32/E$71 -> 0.00720074 | C32: =F32 / ( B$24 * B32 ) -> 3.6234019 | D32: =B32 * C32 -> 0.026091175 | E32: 720074 | F32: 2609117.5 | I32: =A32 * B32 -> 0.01440148 | J32: =E$71/E32 -> 138.87462 | L32: Type | M32: No. of Slots | N32: Token %Distribution | O32: Chance
A33: 3 | B33: =E33/E$71 -> 0.00908544 | C33: =F33 / ( B$24 * B33 ) -> 5.4436648 | D33: =B33 * C33 -> 0.04945809 | E33: 908544 | F33: 4945809 | I33: =A33 * B33 -> 0.02725632 | J33: =E$71/E33 -> 110.06622 | L33: =Bonus_Game1!L33 -> Mini | M33: =Bonus_Game1!M33 -> 2 | N33: =Bonus_Game1!N33 -> 0.26 | O33: 0.05277678
A34: 4 | B34: =E34/E$71 -> 0.01122681 | C34: =F34 / ( B$24 * B34 ) -> 7.2679189 | D34: =B34 * C34 -> 0.081595545 | E34: 1122681 | F34: 8159554.5 | I34: =A34 * B34 -> 0.04490724 | J34: =E$71/E34 -> 89.072497 | L34: =Bonus_Game1!L34 -> Midi | M34: =Bonus_Game1!M34 -> 3 | N34: =Bonus_Game1!N34 -> 0.31 | O34: 0.01063804
A35: 5 | B35: =E35/E$71 -> 0.01366047 | C35: =F35 / ( B$24 * B35 ) -> 9.0860296 | D35: =B35 * C35 -> 0.12411943 | E35: 1366047 | F35: 12411944 | I35: =A35 * B35 -> 0.06830235 | J35: =E$71/E35 -> 73.203923 | L35: =Bonus_Game1!L35 -> Maxi | M35: =Bonus_Game1!M35 -> 4 | N35: =Bonus_Game1!N35 -> 0.25 | O35: 0.00054714
A36: 6 | B36: =E36/E$71 -> 0.01632707 | C36: =F36 / ( B$24 * B36 ) -> 10.923659 | D36: =B36 * C36 -> 0.17835134 | E36: 1632707 | F36: 17835134 | I36: =A36 * B36 -> 0.09796242 | J36: =E$71/E36 -> 61.247977 | L36: =Bonus_Game1!L36 -> Grand | M36: =Bonus_Game1!M36 -> 5 | N36: =Bonus_Game1!N36 -> 0.18 | O36: 8.41e-06
A37: 7 | B37: =E37/E$71 -> 0.01918612 | C37: =F37 / ( B$24 * B37 ) -> 12.763514 | D37: =B37 * C37 -> 0.24488232 | E37: 1918612 | F37: 24488232 | I37: =A37 * B37 -> 0.13430284 | J37: =E$71/E37 -> 52.121012 | N37: =SUM(N33:N36) -> 1
A38: 8 | B38: =E38/E$71 -> 0.02222198 | C38: =F38 / ( B$24 * B38 ) -> 14.588461 | D38: =B38 * C38 -> 0.32418448 | E38: 2222198 | F38: 32418448 | I38: =A38 * B38 -> 0.17777584 | J38: =E$71/E38 -> 45.000491
A39: 9 | B39: =E39/E$71 -> 0.0254362 | C39: =F39 / ( B$24 * B39 ) -> 16.428476 | D39: =B39 * C39 -> 0.41787801 | E39: 2543620 | F39: 41787801 | I39: =A39 * B39 -> 0.2289258 | J39: =E$71/E39 -> 39.314048
A40: 10 | B40: =E40/E$71 -> 0.02878189 | C40: =F40 / ( B$24 * B40 ) -> 18.275012 | D40: =B40 * C40 -> 0.52598938 | E40: 2878189 | F40: 52598938 | I40: =A40 * B40 -> 0.2878189 | J40: =E$71/E40 -> 34.74407
A41: 11 | B41: =E41/E$71 -> 0.03213219 | C41: =F41 / ( B$24 * B41 ) -> 20.129036 | D41: =B41 * C41 -> 0.64679 | E41: 3213219 | F41: 64679000 | I41: =A41 * B41 -> 0.35345409 | J41: =E$71/E41 -> 31.121439
A42: 12 | B42: =E42/E$71 -> 0.03543112 | C42: =F42 / ( B$24 * B42 ) -> 21.985771 | D42: =B42 * C42 -> 0.7789805 | E42: 3543112 | F42: 77898050 | I42: =A42 * B42 -> 0.42517344 | J42: =E$71/E42 -> 28.223776
A43: 13 | B43: =E43/E$71 -> 0.03860629 | C43: =F43 / ( B$24 * B43 ) -> 23.839961 | D43: =B43 * C43 -> 0.92037244 | E43: 3860629 | F43: 92037244 | I43: =A43 * B43 -> 0.50188177 | J43: =E$71/E43 -> 25.902515
A44: 14 | B44: =E44/E$71 -> 0.04158546 | C44: =F44 / ( B$24 * B44 ) -> 25.724265 | D44: =B44 * C44 -> 1.0697554 | E44: 4158546 | F44: 106975538 | I44: =A44 * B44 -> 0.58219644 | J44: =E$71/E44 -> 24.046866
A45: 15 | B45: =E45/E$71 -> 0.0442322 | C45: =F45 / ( B$24 * B45 ) -> 27.599741 | D45: =B45 * C45 -> 1.2207972 | E45: 4423220 | F45: 1.2207972e+08 | I45: =A45 * B45 -> 0.663483 | J45: =E$71/E45 -> 22.607964
A46: 16 | B46: =E46/E$71 -> 0.04644815 | C46: =F46 / ( B$24 * B46 ) -> 29.490059 | D46: =B46 * C46 -> 1.3697587 | E46: 4644815 | F46: 1.3697587e+08 | I46: =A46 * B46 -> 0.7431704 | J46: =E$71/E46 -> 21.529383
A47: 17 | B47: =E47/E$71 -> 0.04817036 | C47: =F47 / ( B$24 * B47 ) -> 31.383551 | D47: =B47 * C47 -> 1.511757 | E47: 4817036 | F47: 1.511757e+08 | I47: =A47 * B47 -> 0.81889612 | J47: =E$71/E47 -> 20.759654
A48: 18 | B48: =E48/E$71 -> 0.0493367 | C48: =F48 / ( B$24 * B48 ) -> 33.286449 | D48: =B48 * C48 -> 1.6422435 | E48: 4933670 | F48: 164224355 | I48: =A48 * B48 -> 0.8880606 | J48: =E$71/E48 -> 20.268887
A49: 19 | B49: =E49/E$71 -> 0.04982343 | C49: =F49 / ( B$24 * B49 ) -> 35.211899 | D49: =B49 * C49 -> 1.7543776 | E49: 4982343 | F49: 175437758 | I49: =A49 * B49 -> 0.94664517 | J49: =E$71/E49 -> 20.070878
... A70: 40 | B70: =E70/E$71 -> 3.449e-05 | C70: =F70 / ( B$24 * B70 ) -> 80.632067 | D70: =B70 * C70 -> 0.002781 | E70: 3449 | F70: 278100 | I70: =A70 * B70 -> 0.0013796 | J70: =E$71/E70 -> 28993.911
B71: =SUM(B30:B70) -> 1 | D71: =SUM(D30:D70) -> 34.120455 | E71: =SUM(E30:E70) -> 100000000 | I71: =SUM(I30:I70) -> 18.261442

Sheet Heat_map_graph_FG
B1: Full Game
B2: Win Range(Lower) | C2: Win Range(Upper) | D2: HF | E2: HF 100 | F2: RTP Distribution
A4: =B4&"-"&C4 -> 0-1 | B4: 0 | C4: 1 | D4: 0.11092358 | E4: =D4/D$27 -> 0.45718454 | F4: 0.04416036
A5: =B5&"-"&C5 -> 1-2 | B5: 1 | C5: 2 | D5: 0.040385972 | E5: =D5/D$27 -> 0.16645553 | F5: 0.054443288
A6: =B6&"-"&C6 -> 2-3 | B6: 2 | C6: 3 | D6: 0.02134898 | E6: =D6/D$27 -> 0.087992328 | F6: 0.050122473
A7: =B7&"-"&C7 -> 3-4 | B7: 3 | C7: 4 | D7: 0.012985424 | E7: =D7/D$27 -> 0.05352095 | F7: 0.043473584
A8: =B8&"-"&C8 -> 4-5 | B8: 4 | C8: 5 | D8: 0.010085224 | E8: =D8/D$27 -> 0.041567435 | F8: 0.043395651
A9: =B9&"-"&C9 -> 5-6 | B9: 5 | C9: 6 | D9: 0.006886276 | E9: =D9/D$27 -> 0.028382595 | F9: 0.036551102
A10: =B10&"-"&C10 -> 6-7 | B10: 6 | C10: 7 | D10: 0.006139342 | E10: =D10/D$27 -> 0.025304019 | F10: 0.03862806
A11: =B11&"-"&C11 -> 7-8 | B11: 7 | C11: 8 | D11: 0.004363452 | E11: =D11/D$27 -> 0.01798448 | F11: 0.031852508
A12: =B12&"-"&C12 -> 8-9 | B12: 8 | C12: 9 | D12: 0.003849578 | E12: =D12/D$27 -> 0.015866488 | F12: 0.031802746
A13: =B13&"-"&C13 -> 9-10 | B13: 9 | C13: 10 | D13: 0.00307293 | E13: =D13/D$27 -> 0.012665442 | F13: 0.028569095
A14: =B14&"-"&C14 -> 10-15 | B14: 10 | C14: 15 | D14: 0.00937572 | E14: =D14/D$27 -> 0.038643131 | F14: 0.11186071
A15: =B15&"-"&C15 -> 15-20 | B15: 15 | C15: 20 | D15: 0.004154942 | E15: =D15/D$27 -> 0.017125081 | F15: 0.070588298
... A26: =B26&"-"&C26 -> 500-20000 | B26: 500 | C26: 20000 | D26: 5.486e-06 | E26: =D26/D$27 -> 2.2611193e-05 | F26: 0.0040224056
C27: Total: | D27: =SUM(D3:D26) -> 0.2426232 | E27: =SUM(E3:E26) -> 1 | F27: =SUM(F3:F26) -> 0.94453295
B33: Base Game
B34: Win Range(Lower) | C34: Win Range(Upper) | D34: HF | E34: HF 100 | F34: RTP Distribution
A36: =B36&"-"&C36 -> 0-1 | B36: 0 | C36: 1 | D36: 0.11185846 | E36: =D36/D$59 -> 0.47081357 | F36: 0.04442761
A37: =B37&"-"&C37 -> 1-2 | B37: 1 | C37: 2 | D37: 0.04044112 | E37: =D37/D$59 -> 0.17021715 | F37: 0.05451467
A38: =B38&"-"&C38 -> 2-3 | B38: 2 | C38: 3 | D38: 0.021390184 | E38: =D38/D$59 -> 0.090031536 | F38: 0.050217214
A39: =B39&"-"&C39 -> 3-4 | B39: 3 | C39: 4 | D39: 0.0130284 | E39: =D39/D$59 -> 0.054836689 | F39: 0.043614239
A40: =B40&"-"&C40 -> 4-5 | B40: 4 | C40: 5 | D40: 0.010120296 | E40: =D40/D$59 -> 0.042596445 | F40: 0.043544961
A41: =B41&"-"&C41 -> 5-6 | B41: 5 | C41: 6 | D41: 0.006905198 | E41: =D41/D$59 -> 0.02906406 | F41: 0.036649111
A42: =B42&"-"&C42 -> 6-7 | B42: 6 | C42: 7 | D42: 0.006139068 | E42: =D42/D$59 -> 0.02583941 | F42: 0.038624359
A43: =B43&"-"&C43 -> 7-8 | B43: 7 | C43: 8 | D43: 0.004343024 | E43: =D43/D$59 -> 0.018279839 | F43: 0.03170148
A44: =B44&"-"&C44 -> 8-9 | B44: 8 | C44: 9 | D44: 0.00380929 | E44: =D44/D$59 -> 0.016033346 | F44: 0.031467014
A45: =B45&"-"&C45 -> 9-10 | B45: 9 | C45: 10 | D45: 0.003015226 | E45: =D45/D$59 -> 0.012691122 | F45: 0.028031384
A46: =B46&"-"&C46 -> 10-15 | B46: 10 | C46: 15 | D46: 0.008884876 | E46: =D46/D$59 -> 0.037396548 | F46: 0.10570643
A47: =B47&"-"&C47 -> 15-20 | B47: 15 | C47: 20 | D47: 0.003463024 | E47: =D47/D$59 -> 0.014575909 | F47: 0.058579761
... A58: =B58&"-"&C58 -> 500-20000 | B58: 500 | C58: 20000 | D58: 8.56e-07 | E58: =D58/D$59 -> 3.6029141e-06 | F58: 0.000585754
C59: Total: | D59: =SUM(D35:D58) -> 0.23758546 | E59: =SUM(E35:E58) -> 1 | F59: =SUM(F35:F58) -> 0.70593462

Sheet Heat_map_graph_Bonus1
B1: Bonus Game1
B2: Win Range(Lower) | C2: Win Range(Upper) | D2: HF | E2: HF 100 | F2: RTP Distribution
A4: =B4&"-"&C4 -> 0-1 | B4: 0 | C4: 1 | D4: 0.00278834 | E4: =D4/D$27 -> 0.0028100658 | F4: 0.00139417
A5: =B5&"-"&C5 -> 1-2 | B5: 1 | C5: 2 | D5: 0.00799544 | E5: =D5/D$27 -> 0.0080577377 | F5: 0.01000464
A6: =B6&"-"&C6 -> 2-3 | B6: 2 | C6: 3 | D6: 0.00949709 | E6: =D6/D$27 -> 0.009571088 | F6: 0.021449515
A7: =B7&"-"&C7 -> 3-4 | B7: 3 | C7: 4 | D7: 0.01102776 | E7: =D7/D$27 -> 0.011113684 | F7: 0.03593737
A8: =B8&"-"&C8 -> 4-5 | B8: 4 | C8: 5 | D8: 0.0124543 | E8: =D8/D$27 -> 0.01255134 | F8: 0.05300155
A9: =B9&"-"&C9 -> 5-6 | B9: 5 | C9: 6 | D9: 0.01381014 | E9: =D9/D$27 -> 0.013917744 | F9: 0.072560625
A10: =B10&"-"&C10 -> 6-7 | B10: 6 | C10: 7 | D10: 0.01518065 | E10: =D10/D$27 -> 0.015298932 | F10: 0.094936165
A11: =B11&"-"&C11 -> 7-8 | B11: 7 | C11: 8 | D11: 0.0164245 | E11: =D11/D$27 -> 0.016552474 | F11: 0.11913622
A12: =B12&"-"&C12 -> 8-9 | B12: 8 | C12: 9 | D12: 0.01767173 | E12: =D12/D$27 -> 0.017809422 | F12: 0.1458479
A13: =B13&"-"&C13 -> 9-10 | B13: 9 | C13: 10 | D13: 0.01879777 | E13: =D13/D$27 -> 0.018944236 | F13: 0.17392963
A14: =B14&"-"&C14 -> 10-15 | B14: 10 | C14: 15 | D14: 0.10794444 | E14: =D14/D$27 -> 0.10878551 | F14: 1.3304545
A15: =B15&"-"&C15 -> 15-20 | B15: 15 | C15: 20 | D15: 0.12077142 | E15: =D15/D$27 -> 0.12171243 | F15: 2.0855497
... A26: =B26&"-"&C26 -> 500-20000 | B26: 500 | C26: 20000 | D26: 0 | E26: =D26/D$27 -> 0 | F26: 0
C27: Total: | D27: =SUM(D3:D26) -> 0.99226859 | E27: =SUM(E3:E26) -> 1 | F27: =SUM(F3:F26) -> 28.718256

Sheet Heat_map_graph_Bonus2
B1: Bonus Game2
B2: Win Range(Lower) | C2: Win Range(Upper) | D2: HF | E2: HF 100 | F2: RTP Distribution
A4: =B4&"-"&C4 -> 0-1 | B4: 0 | C4: 1 | D4: 0.0028318 | E4: =D4/D$27 -> 0.0028538392 | F4: 0.0014159
A5: =B5&"-"&C5 -> 1-2 | B5: 1 | C5: 2 | D5: 0.0083203 | E5: =D5/D$27 -> 0.0083850549 | F5: 0.010387155
A6: =B6&"-"&C6 -> 2-3 | B6: 2 | C6: 3 | D6: 0.01003089 | E6: =D6/D$27 -> 0.010108958 | F6: 0.022608755
A7: =B7&"-"&C7 -> 3-4 | B7: 3 | C7: 4 | D7: 0.01165378 | E7: =D7/D$27 -> 0.011744479 | F7: 0.03792784
A8: =B8&"-"&C8 -> 4-5 | B8: 4 | C8: 5 | D8: 0.01323469 | E8: =D8/D$27 -> 0.013337692 | F8: 0.05627431
A9: =B9&"-"&C9 -> 5-6 | B9: 5 | C9: 6 | D9: 0.014763 | E9: =D9/D$27 -> 0.014877897 | F9: 0.077529695
A10: =B10&"-"&C10 -> 6-7 | B10: 6 | C10: 7 | D10: 0.01627929 | E10: =D10/D$27 -> 0.016405988 | F10: 0.10176278
A11: =B11&"-"&C11 -> 7-8 | B11: 7 | C11: 8 | D11: 0.0177007 | E11: =D11/D$27 -> 0.01783846 | F11: 0.12834784
A12: =B12&"-"&C12 -> 8-9 | B12: 8 | C12: 9 | D12: 0.01904254 | E12: =D12/D$27 -> 0.019190744 | F12: 0.15711938
A13: =B13&"-"&C13 -> 9-10 | B13: 9 | C13: 10 | D13: 0.02027664 | E13: =D13/D$27 -> 0.020434448 | F13: 0.18756616
A14: =B14&"-"&C14 -> 10-15 | B14: 10 | C14: 15 | D14: 0.11531249 | E14: =D14/D$27 -> 0.11620994 | F14: 1.4198572
A15: =B15&"-"&C15 -> 15-20 | B15: 15 | C15: 20 | D15: 0.12451413 | E15: =D15/D$27 -> 0.12548319 | F15: 2.1475123
... A26: =B26&"-"&C26 -> 500-20000 | B26: 500 | C26: 20000 | D26: 0.00010865 | E26: =D26/D$27 -> 0.0001094956 | F26: 0.07517785
C27: Total: | D27: =SUM(D3:D26) -> 0.99227734 | E27: =SUM(E3:E26) -> 1 | F27: =SUM(F3:F26) -> 31.003711

Sheet Heat_map_graph_Bonus3
B1: Bonus Game3
B2: Win Range(Lower) | C2: Win Range(Upper) | D2: HF | E2: HF 100 | F2: RTP Distribution
A4: =B4&"-"&C4 -> 0-1 | B4: 0 | C4: 1 | D4: 0.00282053 | E4: =D4/D$27 -> 0.0028424755 | F4: 0.001410265
A5: =B5&"-"&C5 -> 1-2 | B5: 1 | C5: 2 | D5: 0.00828899 | E5: =D5/D$27 -> 0.0083534835 | F5: 0.010356445
A6: =B6&"-"&C6 -> 2-3 | B6: 2 | C6: 3 | D6: 0.00995549 | E6: =D6/D$27 -> 0.01003295 | F6: 0.0224513
A7: =B7&"-"&C7 -> 3-4 | B7: 3 | C7: 4 | D7: 0.01156107 | E7: =D7/D$27 -> 0.011651022 | F7: 0.037635815
A8: =B8&"-"&C8 -> 4-5 | B8: 4 | C8: 5 | D8: 0.01309596 | E8: =D8/D$27 -> 0.013197855 | F8: 0.055693385
A9: =B9&"-"&C9 -> 5-6 | B9: 5 | C9: 6 | D9: 0.01460082 | E9: =D9/D$27 -> 0.014714423 | F9: 0.076687035
A10: =B10&"-"&C10 -> 6-7 | B10: 6 | C10: 7 | D10: 0.01606496 | E10: =D10/D$27 -> 0.016189955 | F10: 0.10042853
A11: =B11&"-"&C11 -> 7-8 | B11: 7 | C11: 8 | D11: 0.01740994 | E11: =D11/D$27 -> 0.0175454 | F11: 0.12624936
A12: =B12&"-"&C12 -> 8-9 | B12: 8 | C12: 9 | D12: 0.01871738 | E12: =D12/D$27 -> 0.018863013 | F12: 0.15443522
A13: =B13&"-"&C13 -> 9-10 | B13: 9 | C13: 10 | D13: 0.01990457 | E13: =D13/D$27 -> 0.02005944 | F13: 0.18412882
A14: =B14&"-"&C14 -> 10-15 | B14: 10 | C14: 15 | D14: 0.11286131 | E14: =D14/D$27 -> 0.11373944 | F14: 1.3895695
A15: =B15&"-"&C15 -> 15-20 | B15: 15 | C15: 20 | D15: 0.12155293 | E15: =D15/D$27 -> 0.12249869 | F15: 2.0964517
... A26: =B26&"-"&C26 -> 500-20000 | B26: 500 | C26: 20000 | D26: 0.00037258 | E26: =D26/D$27 -> 0.0003754789 | F26: 0.2942365
C27: Total: | D27: =SUM(D3:D26) -> 0.99227945 | E27: =SUM(E3:E26) -> 1 | F27: =SUM(F3:F26) -> 32.782396

Sheet Heat_map_graph_Bonus4
B1: Bonus Game4
B2: Win Range(Lower) | C2: Win Range(Upper) | D2: HF | E2: HF 100 | F2: RTP Distribution
A4: =B4&"-"&C4 -> 0-1 | B4: 0 | C4: 1 | D4: 0.00158834 | E4: =D4/D$27 -> 0.0015962938 | F4: 0.00079417
A5: =B5&"-"&C5 -> 1-2 | B5: 1 | C5: 2 | D5: 0.0045133 | E5: =D5/D$27 -> 0.0045359009 | F5: 0.005627195
A6: =B6&"-"&C6 -> 2-3 | B6: 2 | C6: 3 | D6: 0.00523345 | E6: =D6/D$27 -> 0.0052596571 | F6: 0.01180399
A7: =B7&"-"&C7 -> 3-4 | B7: 3 | C7: 4 | D7: 0.0059912 | E7: =D7/D$27 -> 0.0060212016 | F7: 0.01951309
A8: =B8&"-"&C8 -> 4-5 | B8: 4 | C8: 5 | D8: 0.00676548 | E8: =D8/D$27 -> 0.0067993589 | F8: 0.02878769
A9: =B9&"-"&C9 -> 5-6 | B9: 5 | C9: 6 | D9: 0.00761284 | E9: =D9/D$27 -> 0.0076509621 | F9: 0.040004185
A10: =B10&"-"&C10 -> 6-7 | B10: 6 | C10: 7 | D10: 0.00851022 | E10: =D10/D$27 -> 0.0085528359 | F10: 0.05322697
A11: =B11&"-"&C11 -> 7-8 | B11: 7 | C11: 8 | D11: 0.00943726 | E11: =D11/D$27 -> 0.0094845181 | F11: 0.06846669
A12: =B12&"-"&C12 -> 8-9 | B12: 8 | C12: 9 | D12: 0.01039858 | E12: =D12/D$27 -> 0.010450652 | F12: 0.08583655
A13: =B13&"-"&C13 -> 9-10 | B13: 9 | C13: 10 | D13: 0.01137499 | E13: =D13/D$27 -> 0.011431952 | F13: 0.10527254
A14: =B14&"-"&C14 -> 10-15 | B14: 10 | C14: 15 | D14: 0.07170435 | E14: =D14/D$27 -> 0.072063418 | F14: 0.88841538
A15: =B15&"-"&C15 -> 15-20 | B15: 15 | C15: 20 | D15: 0.09400562 | E15: =D15/D$27 -> 0.094476364 | F15: 1.6295323
... A26: =B26&"-"&C26 -> 500-20000 | B26: 500 | C26: 20000 | D26: 0 | E26: =D26/D$27 -> 0 | F26: 0
C27: Total: | D27: =SUM(D3:D26) -> 0.99501734 | E27: =SUM(E3:E26) -> 1 | F27: =SUM(F3:F26) -> 34.120455

Sheet Paylines
A1: 4x5 (40 Lines)
A3: 1 | AC3: 5
H4: 2
O5: 3
V6: 4
V9: 9
A10: 6 | AC10: 10
H11: 7
O12: 8
AC15: 15
H16: 12
A17: 11 | O17: 13
V18: 14
A22: 16 | O22: 18
H23: 17 | V23: 19
AC24: 20
A27: 21
H28: 22 | V28: 24
O29: 23 | AC29: 25
V33: 29
AC34: 30
H35: 27
A36: 26 | O36: 28
A41: 31 | H41: 32 | O41: 33 | V41: 34 | AC41: 35
A47: 36 | H47: 37 | O47: 38 | V47: 39 | AC47: 40

Sheet Survival_logs
A1: No. of Spins before Exhaustion
A2: 50 | B2: 1 | D2: Spin Test: | E2: 10000 | F2: players
A3: 51 | B3: 1 | D3: Range
A4: 51 | B4: 1 | D4: Low | E4: High | F4: Count | G4: Percentage
A5: 52 | B5: 1 | D5: 50 | E5: 100 | F5: =SUMIFS(B:B,A:A, ">="&D5, A:A, "<="&E5 ) -> 2157 | G5: =F5/F$33 -> 0.2157
A6: 52 | B6: 1 | D6: 100 | E6: 200 | F6: =SUMIFS(B:B,A:A, ">"&D6, A:A, "<="&E6 ) -> 2759 | G6: =F6/F$33 -> 0.2759
A7: 52 | B7: 1 | D7: =E6 -> 200 | E7: 300 | F7: =SUMIFS(B:B,A:A, ">"&D7, A:A, "<="&E7 ) -> 1179 | G7: =F7/F$33 -> 0.1179 | J7: Ave. no . of Spins(Middle 60%): | K7: =SUM(A2002:A8001)/(E2 * 0.6) -> 267.7665 | L7: spins
A8: 52 | B8: 1 | D8: =E7 -> 300 | E8: 400 | F8: =SUMIFS(B:B,A:A, ">"&D8, A:A, "<="&E8 ) -> 691 | G8: =F8/F$33 -> 0.0691 | J8: Median: | K8: =MEDIAN(A:A) -> 205 | L8: spins
A9: 52 | B9: 1 | D9: =E8 -> 400 | E9: 500 | F9: =SUMIFS(B:B,A:A, ">"&D9, A:A, "<="&E9 ) -> 485 | G9: =F9/F$33 -> 0.0485 | J9: Mode: | K9: =MODE(A2:A10001) -> 75 | L9: spins
A10: 53 | B10: 1 | D10: =E9 -> 500 | E10: 600 | F10: =SUMIFS(B:B,A:A, ">"&D10, A:A, "<="&E10 ) -> 331 | G10: =F10/F$33 -> 0.0331
A11: 53 | B11: 1 | D11: =E10 -> 600 | E11: 700 | F11: =SUMIFS(B:B,A:A, ">"&D11, A:A, "<="&E11 ) -> 250 | G11: =F11/F$33 -> 0.025
A12: 53 | B12: 1 | D12: =E11 -> 700 | E12: 800 | F12: =SUMIFS(B:B,A:A, ">"&D12, A:A, "<="&E12 ) -> 214 | G12: =F12/F$33 -> 0.0214
A13: 53 | B13: 1 | D13: =E12 -> 800 | E13: 900 | F13: =SUMIFS(B:B,A:A, ">"&D13, A:A, "<="&E13 ) -> 165 | G13: =F13/F$33 -> 0.0165
A14: 53 | B14: 1 | D14: =E13 -> 900 | E14: 1000 | F14: =SUMIFS(B:B,A:A, ">"&D14, A:A, "<="&E14 ) -> 139 | G14: =F14/F$33 -> 0.0139
A15: 53 | B15: 1 | D15: =E14 -> 1000 | E15: 1200 | F15: =SUMIFS(B:B,A:A, ">"&D15, A:A, "<="&E15 ) -> 219 | G15: =F15/F$33 -> 0.0219
A16: 53 | B16: 1 | D16: =E15 -> 1200 | E16: 1500 | F16: =SUMIFS(B:B,A:A, ">"&D16, A:A, "<="&E16 ) -> 244 | G16: =F16/F$33 -> 0.0244
A17: 53 | B17: 1 | D17: =E16 -> 1500 | E17: 2000 | F17: =SUMIFS(B:B,A:A, ">"&D17, A:A, "<="&E17 ) -> 246 | G17: =F17/F$33 -> 0.0246
A18: 53 | B18: 1 | D18: =E17 -> 2000 | E18: 2500 | F18: =SUMIFS(B:B,A:A, ">"&D18, A:A, "<="&E18 ) -> 151 | G18: =F18/F$33 -> 0.0151
A19: 53 | B19: 1 | D19: =E18 -> 2500 | E19: 3000 | F19: =SUMIFS(B:B,A:A, ">"&D19, A:A, "<="&E19 ) -> 138 | G19: =F19/F$33 -> 0.0138
A20: 54 | B20: 1 | D20: =E19 -> 3000 | E20: 4000 | F20: =SUMIFS(B:B,A:A, ">"&D20, A:A, "<="&E20 ) -> 163 | G20: =F20/F$33 -> 0.0163
A21: 54 | B21: 1 | D21: =E20 -> 4000 | E21: 5000 | F21: =SUMIFS(B:B,A:A, ">"&D21, A:A, "<="&E21 ) -> 96 | G21: =F21/F$33 -> 0.0096
... A31: 54 | B31: 1 | D31: =E30 -> 40000 | E31: 50000 | F31: =SUMIFS(B:B,A:A, ">"&D31, A:A, "<="&E31 ) -> 2 | G31: =F31/F$33 -> 0.0002
A32: 55 | B32: 1 | D32: 50000 | E32: < | F32: =SUMIFS(B:B,A:A, ">"&D32 ) -> 2 | G32: =F32/F$33 -> 0.0002
A33: 55 | B33: 1 | F33: =SUM(F5:F32) -> 10000 | G33: =SUM(G5:G32) -> 1
A34: 55 | B34: 1
A35: 55 | B35: 1
A36: 55 | B36: 1
A37: 55 | B37: 1
A38: 55 | B38: 1
A39: 55 | B39: 1
A40: 55 | B40: 1
A41: 55 | B41: 1
A42: 55 | B42: 1
A43: 55 | B43: 1
A44: 55 | B44: 1
A45: 55 | B45: 1
... A10001: 80000 | B10001: 1

Sheet Base_Volatility_Graph
A1: Total Bet Amount/spin: | B1: 1 | F1: Analysis: | G1: Volatility index determines the overall "game feel". Standard online Slots has a Volatility Index of 4.0 - 10.0 | Z1: -75 | AA1: =Z1*10 -> -750 | AB1: =AA1 * E$4/500 -> -210.04679 | AC1: =NORMDIST((AB1+0.5)*B$1,$B$2,$B$4, TRUE) - NORMDIST((AB1-0.5)*B$1,$B$2,$B$4, TRUE) -> 5.9078452e-07
A2: Average Win: | B2: =B3 * B5 -> -41.163506 | D2: RTP: | E2: =SUM(MathSheet!B3:B4) -> 0.70604044 | G2: Take for example a Slot game with volatility of 1.0, it will have the same "game feel" as someone playing "Baccarat" or "Toss coin" game | Z2: -74 | AA2: =Z2*10 -> -740 | AB2: =AA2 * E$4/500 -> -207.24616 | AC2: =NORMDIST((AB2+0.5)*B$1,$B$2,$B$4, TRUE) - NORMDIST((AB2-0.5)*B$1,$B$2,$B$4, TRUE) -> 8.149635e-07
A3: House Edge: | B3: =E2-1 -> -0.29395956 | D3: Volatility Index: | E3: =MathSheet!E5 -> 3.2267684 | G3: Or a Slot game w/ Volatility close to "zero", on every spin he will have the same return everytime. So even we make RTP close to 100% the game won't be good. This makes "Volatility" a critical factor in game designing | Z3: -73 | AA3: =Z3*10 -> -730 | AB3: =AA3 * E$4/500 -> -204.44554 | AC3: =NORMDIST((AB3+0.5)*B$1,$B$2,$B$4, TRUE) - NORMDIST((AB3-0.5)*B$1,$B$2,$B$4, TRUE) -> 1.1181782e-06
A4: Volatiltiy for n spins | B4: =E4^0.5 * E3 * B1 -> 38.183892 | D4: No. #spins: | E4: =MathSheet!D47 -> 140.03119 | Z4: -72 | AA4: =Z4*10 -> -720 | AB4: =AA4 * E$4/500 -> -201.64491 | AC4: =NORMDIST((AB4+0.5)*B$1,$B$2,$B$4, TRUE) - NORMDIST((AB4-0.5)*B$1,$B$2,$B$4, TRUE) -> 1.5259759e-06
A5: Total Turnover: | B5: =B1 * E4 -> 140.03119 | G5: The Horizontal axis is Player "Win/Loss" after "n" spins are completed. Assuming 1 unit of bet on each spin | Z5: -71 | AA5: =Z5*10 -> -710 | AB5: =AA5 * E$4/500 -> -198.84429 | AC5: =NORMDIST((AB5+0.5)*B$1,$B$2,$B$4, TRUE) - NORMDIST((AB5-0.5)*B$1,$B$2,$B$4, TRUE) -> 2.0713245e-06
G6: The Vertical Axis (represented by Blue dotted line) is the % Distribution or "volume" of players after each of them completed "n" spins. We can imagine the whole area inside the curve as "Pie Chart" | Z6: -70 | AA6: =Z6*10 -> -700 | AB6: =AA6 * E$4/500 -> -196.04367 | AC6: =NORMDIST((AB6+0.5)*B$1,$B$2,$B$4, TRUE) - NORMDIST((AB6-0.5)*B$1,$B$2,$B$4, TRUE) -> 2.7964846e-06
A7: Note: | B7: Red Fonts are adjustable values | G7: Kindly notice the majority of players will end up at the Cell: B2 units mark which is the most expected result. %House Edge x Turnover = Ave. Win/Loss result | Z7: -69 | AA7: =Z7*10 -> -690 | AB7: =AA7 * E$4/500 -> -193.24304 | AC7: =NORMDIST((AB7+0.5)*B$1,$B$2,$B$4, TRUE) - NORMDIST((AB7-0.5)*B$1,$B$2,$B$4, TRUE) -> 3.7552643e-06
Z8: -68 | AA8: =Z8*10 -> -680 | AB8: =AA8 * E$4/500 -> -190.44242 | AC8: =NORMDIST((AB8+0.5)*B$1,$B$2,$B$4, TRUE) - NORMDIST((AB8-0.5)*B$1,$B$2,$B$4, TRUE) -> 5.0157098e-06
Z9: -67 | AA9: =Z9*10 -> -670 | AB9: =AA9 * E$4/500 -> -187.6418 | AC9: =NORMDIST((AB9+0.5)*B$1,$B$2,$B$4, TRUE) - NORMDIST((AB9-0.5)*B$1,$B$2,$B$4, TRUE) -> 6.6632806e-06
Z10: -66 | AA10: =Z10*10 -> -660 | AB10: =AA10 * E$4/500 -> -184.84117 | AC10: =NORMDIST((AB10+0.5)*B$1,$B$2,$B$4, TRUE) - NORMDIST((AB10-0.5)*B$1,$B$2,$B$4, TRUE) -> 8.8045591e-06
Z11: -65 | AA11: =Z11*10 -> -650 | AB11: =AA11 * E$4/500 -> -182.04055 | AC11: =NORMDIST((AB11+0.5)*B$1,$B$2,$B$4, TRUE) - NORMDIST((AB11-0.5)*B$1,$B$2,$B$4, TRUE) -> 1.1571534e-05
Z12: -64 | AA12: =Z12*10 -> -640 | AB12: =AA12 * E$4/500 -> -179.23992 | AC12: =NORMDIST((AB12+0.5)*B$1,$B$2,$B$4, TRUE) - NORMDIST((AB12-0.5)*B$1,$B$2,$B$4, TRUE) -> 1.5126486e-05
Z13: -63 | AA13: =Z13*10 -> -630 | AB13: =AA13 * E$4/500 -> -176.4393 | AC13: =NORMDIST((AB13+0.5)*B$1,$B$2,$B$4, TRUE) - NORMDIST((AB13-0.5)*B$1,$B$2,$B$4, TRUE) -> 1.9667492e-05
Z14: -62 | AA14: =Z14*10 -> -620 | AB14: =AA14 * E$4/500 -> -173.63868 | AC14: =NORMDIST((AB14+0.5)*B$1,$B$2,$B$4, TRUE) - NORMDIST((AB14-0.5)*B$1,$B$2,$B$4, TRUE) -> 2.543453e-05
Z15: -61 | AA15: =Z15*10 -> -610 | AB15: =AA15 * E$4/500 -> -170.83805 | AC15: =NORMDIST((AB15+0.5)*B$1,$B$2,$B$4, TRUE) - NORMDIST((AB15-0.5)*B$1,$B$2,$B$4, TRUE) -> 3.2716155e-05
Z16: -60 | AA16: =Z16*10 -> -600 | AB16: =AA16 * E$4/500 -> -168.03743 | AC16: =NORMDIST((AB16+0.5)*B$1,$B$2,$B$4, TRUE) - NORMDIST((AB16-0.5)*B$1,$B$2,$B$4, TRUE) -> 4.1856663e-05
Z17: -59 | AA17: =Z17*10 -> -590 | AB17: =AA17 * E$4/500 -> -165.2368 | AC17: =NORMDIST((AB17+0.5)*B$1,$B$2,$B$4, TRUE) - NORMDIST((AB17-0.5)*B$1,$B$2,$B$4, TRUE) -> 5.326363e-05
Z18: -58 | AA18: =Z18*10 -> -580 | AB18: =AA18 * E$4/500 -> -162.43618 | AC18: =NORMDIST((AB18+0.5)*B$1,$B$2,$B$4, TRUE) - NORMDIST((AB18-0.5)*B$1,$B$2,$B$4, TRUE) -> 6.741565e-05
Z19: -57 | AA19: =Z19*10 -> -570 | AB19: =AA19 * E$4/500 -> -159.63556 | AC19: =NORMDIST((AB19+0.5)*B$1,$B$2,$B$4, TRUE) - NORMDIST((AB19-0.5)*B$1,$B$2,$B$4, TRUE) -> 8.4870058e-05
... Z151: 75 | AA151: =Z151*10 -> 750 | AB151: =AA151 * E$4/500 -> 210.04679 | AC151: =NORMDIST((AB151+0.5)*B$1,$B$2,$B$4, TRUE) - NORMDIST((AB151-0.5)*B$1,$B$2,$B$4, TRUE) -> 4.176659e-12

Sheet FG_Volatility_Graph
A1: Total Bet Amount/spin: | B1: 1 | F1: Analysis: | G1: Volatility index determines the overall "game feel". Standard online Slots has a Volatility Index of 4.0 - 10.0 | Z1: -75 | AA1: =Z1*10 -> -750 | AB1: =AA1 * E$4/500 -> -7500 | AC1: =NORMDIST((AB1+0.5)*B$1,$B$2,$B$4, TRUE) - NORMDIST((AB1-0.5)*B$1,$B$2,$B$4, TRUE) -> 5.2716433e-74
A2: Average Win: | B2: =B3 * B5 -> -278.17383 | D2: RTP: | E2: =MathSheet!B7 -> 0.94436523 | G2: Take for example a Slot game with volatility of 1.0, it will have the same "game feel" as someone playing "Baccarat" or "Toss coin" game | Z2: -74 | AA2: =Z2*10 -> -740 | AB2: =AA2 * E$4/500 -> -7400 | AC2: =NORMDIST((AB2+0.5)*B$1,$B$2,$B$4, TRUE) - NORMDIST((AB2-0.5)*B$1,$B$2,$B$4, TRUE) -> 4.5150725e-72
A3: House Edge: | B3: =E2-1 -> -0.055634766 | D3: Volatility Index: | E3: =MathSheet!E6 -> 5.6772444 | G3: Or a Slot game w/ Volatility close to "zero", on every spin he will have the same return everytime. So even we make RTP close to 100% the game won't be good. This makes "Volatility" a critical factor in game designing | Z3: -73 | AA3: =Z3*10 -> -730 | AB3: =AA3 * E$4/500 -> -7300 | AC3: =NORMDIST((AB3+0.5)*B$1,$B$2,$B$4, TRUE) - NORMDIST((AB3-0.5)*B$1,$B$2,$B$4, TRUE) -> 3.6344164e-70
A4: Volatiltiy for n spins | B4: =E4^0.5 * E3 * B1 -> 401.4418 | D4: No. #spins: | E4: 5000 | Z4: -72 | AA4: =Z4*10 -> -720 | AB4: =AA4 * E$4/500 -> -7200 | AC4: =NORMDIST((AB4+0.5)*B$1,$B$2,$B$4, TRUE) - NORMDIST((AB4-0.5)*B$1,$B$2,$B$4, TRUE) -> 2.7495136e-68
A5: Total Turnover: | B5: =B1 * E4 -> 5000 | G5: The Horizontal axis is Player "Win/Loss" after "n" spins are completed. Assuming 1 unit of bet on each spin | Z5: -71 | AA5: =Z5*10 -> -710 | AB5: =AA5 * E$4/500 -> -7100 | AC5: =NORMDIST((AB5+0.5)*B$1,$B$2,$B$4, TRUE) - NORMDIST((AB5-0.5)*B$1,$B$2,$B$4, TRUE) -> 1.9549168e-66
G6: The Vertical Axis (represented by Blue dotted line) is the % Distribution or "volume" of players after each of them completed "n" spins. We can imagine the whole area inside the curve as "Pie Chart" | Z6: -70 | AA6: =Z6*10 -> -700 | AB6: =AA6 * E$4/500 -> -7000 | AC6: =NORMDIST((AB6+0.5)*B$1,$B$2,$B$4, TRUE) - NORMDIST((AB6-0.5)*B$1,$B$2,$B$4, TRUE) -> 1.3063271e-64
A7: Note: | B7: Red Fonts are adjustable values | G7: Kindly notice the majority of players will end up at the Cell: B2 units mark which is the most expected result. %House Edge x Turnover = Ave. Win/Loss result | Z7: -69 | AA7: =Z7*10 -> -690 | AB7: =AA7 * E$4/500 -> -6900 | AC7: =NORMDIST((AB7+0.5)*B$1,$B$2,$B$4, TRUE) - NORMDIST((AB7-0.5)*B$1,$B$2,$B$4, TRUE) -> 8.204022e-63
Z8: -68 | AA8: =Z8*10 -> -680 | AB8: =AA8 * E$4/500 -> -6800 | AC8: =NORMDIST((AB8+0.5)*B$1,$B$2,$B$4, TRUE) - NORMDIST((AB8-0.5)*B$1,$B$2,$B$4, TRUE) -> 4.8423138e-61
Z9: -67 | AA9: =Z9*10 -> -670 | AB9: =AA9 * E$4/500 -> -6700 | AC9: =NORMDIST((AB9+0.5)*B$1,$B$2,$B$4, TRUE) - NORMDIST((AB9-0.5)*B$1,$B$2,$B$4, TRUE) -> 2.6861501e-59
Z10: -66 | AA10: =Z10*10 -> -660 | AB10: =AA10 * E$4/500 -> -6600 | AC10: =NORMDIST((AB10+0.5)*B$1,$B$2,$B$4, TRUE) - NORMDIST((AB10-0.5)*B$1,$B$2,$B$4, TRUE) -> 1.4004218e-57
Z11: -65 | AA11: =Z11*10 -> -650 | AB11: =AA11 * E$4/500 -> -6500 | AC11: =NORMDIST((AB11+0.5)*B$1,$B$2,$B$4, TRUE) - NORMDIST((AB11-0.5)*B$1,$B$2,$B$4, TRUE) -> 6.8618098e-56
Z12: -64 | AA12: =Z12*10 -> -640 | AB12: =AA12 * E$4/500 -> -6400 | AC12: =NORMDIST((AB12+0.5)*B$1,$B$2,$B$4, TRUE) - NORMDIST((AB12-0.5)*B$1,$B$2,$B$4, TRUE) -> 3.1598737e-54
Z13: -63 | AA13: =Z13*10 -> -630 | AB13: =AA13 * E$4/500 -> -6300 | AC13: =NORMDIST((AB13+0.5)*B$1,$B$2,$B$4, TRUE) - NORMDIST((AB13-0.5)*B$1,$B$2,$B$4, TRUE) -> 1.3675777e-52
Z14: -62 | AA14: =Z14*10 -> -620 | AB14: =AA14 * E$4/500 -> -6200 | AC14: =NORMDIST((AB14+0.5)*B$1,$B$2,$B$4, TRUE) - NORMDIST((AB14-0.5)*B$1,$B$2,$B$4, TRUE) -> 5.5626985e-51
Z15: -61 | AA15: =Z15*10 -> -610 | AB15: =AA15 * E$4/500 -> -6100 | AC15: =NORMDIST((AB15+0.5)*B$1,$B$2,$B$4, TRUE) - NORMDIST((AB15-0.5)*B$1,$B$2,$B$4, TRUE) -> 2.1265239e-49
Z16: -60 | AA16: =Z16*10 -> -600 | AB16: =AA16 * E$4/500 -> -6000 | AC16: =NORMDIST((AB16+0.5)*B$1,$B$2,$B$4, TRUE) - NORMDIST((AB16-0.5)*B$1,$B$2,$B$4, TRUE) -> 7.6402268e-48
Z17: -59 | AA17: =Z17*10 -> -590 | AB17: =AA17 * E$4/500 -> -5900 | AC17: =NORMDIST((AB17+0.5)*B$1,$B$2,$B$4, TRUE) - NORMDIST((AB17-0.5)*B$1,$B$2,$B$4, TRUE) -> 2.5798441e-46
Z18: -58 | AA18: =Z18*10 -> -580 | AB18: =AA18 * E$4/500 -> -5800 | AC18: =NORMDIST((AB18+0.5)*B$1,$B$2,$B$4, TRUE) - NORMDIST((AB18-0.5)*B$1,$B$2,$B$4, TRUE) -> 8.1871342e-45
Z19: -57 | AA19: =Z19*10 -> -570 | AB19: =AA19 * E$4/500 -> -5700 | AC19: =NORMDIST((AB19+0.5)*B$1,$B$2,$B$4, TRUE) - NORMDIST((AB19-0.5)*B$1,$B$2,$B$4, TRUE) -> 2.4418647e-43
... Z151: 75 | AA151: =Z151*10 -> 750 | AB151: =AA151 * E$4/500 -> 7500 | AC151: =NORMDIST((AB151+0.5)*B$1,$B$2,$B$4, TRUE) - NORMDIST((AB151-0.5)*B$1,$B$2,$B$4, TRUE) -> 0
